sample_id,density_scale,drag_coefficient,ballistic_coefficient_m2_per_kg,semi_major_axis_delta_m,altitude_delta_m,along_track_shift_km,ground_distance_delta_km,command_distance_delta_km,within_tolerance
0,1.1242800777290687,2.4715642102739843,0.006666666666666667,-0.03881909139454365,-0.03881909139454365,0.005487919724779782,0.0007353054298050463,0.005487919724779782,True
1,1.0610324650480567,2.234382899305668,0.006666666666666667,-0.033119610510766506,-0.033119610510766506,0.0046821745894118395,0.0006273467126977503,0.0046821745894118395,True
2,1.2559375427402462,2.098618639698292,0.006666666666666667,-0.03682141937315464,-0.03682141937315464,0.005205505449499606,0.000697465818352584,0.005205505449499606,True
3,1.1796407623077676,2.197695376517774,0.006666666666666667,-0.03621731232851744,-0.03621731232851744,0.005120101847972217,0.0006860229155629453,0.005120101847972217,True
4,1.3375345559895264,2.162287164697495,0.006666666666666667,-0.04040334653109312,-0.04040334653109312,0.005711888523785161,0.0007653141548364932,0.005711888523785161,True
5,0.7983561872137578,2.10643705391936,0.006666666666666667,-0.023493305779993534,-0.023493305779993534,0.0033212878010042174,0.00044500668313286263,0.0033212878010042174,True
6,0.7732912432423564,2.077988333941591,0.006666666666666667,-0.022448387928307056,-0.022448387928307056,0.003173565989763456,0.000425214001141632,0.003173565989763456,True
7,0.891338911413579,2.168048724085566,0.006666666666666667,-0.026996711269021034,-0.026996711269021034,0.00381657010415505,0.0005113676696372288,0.00381657010415505,True
8,0.9509732463863517,2.132888904373274,0.006666666666666667,-0.028335800394415855,-0.028335800394415855,0.004005879458062438,0.0005367325078312812,0.004005879458062438,True
9,0.7841508286471082,2.172063668439356,0.006666666666666667,-0.023794200271368027,-0.023794200271368027,0.003363825803295681,0.00045070618779521036,0.003363825803295681,True
10,0.9787640189349359,2.2608287596506,0.006666666666666667,-0.030913246795535088,-0.030913246795535088,0.004370257242342623,0.0005855540971981525,0.004370257242342623,True
11,0.7796621178374867,2.0262218275768933,0.006666666666666667,-0.022069494239985943,-0.022069494239985943,0.003120001227537564,0.00041803706297814696,0.003120001227537564,True
12,1.210478747812901,2.033123280108759,0.006666666666666667,-0.034381105564534664,-0.034381105564534664,0.004860514314837659,0.0006512417722161015,0.004860514314837659,True
13,0.9153907195823223,2.2427547282203486,0.006666666666666667,-0.028680534102022648,-0.028680534102022648,0.004054614924546997,0.0005432623870801282,0.004054614924546997,True
14,0.9892343599176711,2.1611181681383433,0.006666666666666667,-0.029865972697734833,-0.029865972697734833,0.004222202380700534,0.000565716791054096,0.004222202380700534,True
15,1.2140284115601983,2.1478742030967872,0.006666666666666667,-0.03642811067402363,-0.03642811067402363,0.005149902782381391,0.0006900158290863314,0.005149902782381391,True
16,0.9433963007466307,2.3187045605924186,0.006666666666666667,-0.03055895771831274,-0.03055895771831274,0.00432017087668637,0.0005788432161224055,0.00432017087668637,True
17,1.2616584779164026,2.227715402643675,0.006666666666666667,-0.03926453646272421,-0.03926453646272421,0.005550892998537868,0.000743742978539194,0.005550892998537868,True
18,0.7974841396326644,2.309854523021977,0.006666666666666667,-0.025733902119100094,-0.025733902119100094,0.003638044701507438,0.00048744773193621065,0.003638044701507438,True
19,1.2117333190833204,2.1744035359896197,0.006666666666666667,-0.03680833335965872,-0.03680833335965872,0.005203655559024872,0.0006972179585844328,0.005203655559024872,True
20,1.1759628412550578,2.433977131641219,0.006666666666666667,-0.03998610004782677,-0.03998610004782677,0.0056529017269945254,0.0007574107389444719,0.0056529017269945254,True
21,1.2130753182160832,2.218666824068025,0.006666666666666667,-0.03759921807795763,-0.03759921807795763,0.005315464279310021,0.0007121987825119407,0.005315464279310021,True
22,1.0881699113017085,2.038305340884293,0.006666666666666667,-0.030985957011580467,-0.030985957011580467,0.004380536489154075,0.0005869313742673921,0.004380536489154075,True
23,0.9533402759600379,2.1514340981040956,0.006666666666666667,-0.02865331992506981,-0.02865331992506981,0.004050767640573784,0.0005427469041763365,0.004050767640573784,True
24,1.1759104643190814,2.0459291495962426,0.006666666666666667,-0.033609635196626186,-0.033609635196626186,0.004751450241485543,0.0006366286930614707,0.004751450241485543,True
25,0.9481025975183367,2.280750879058385,0.006666666666666667,-0.0302087077870965,-0.0302087077870965,0.0042706554360260746,0.0005722088311090266,0.0042706554360260746,True
26,0.7539977260992946,2.4633732948851885,0.006666666666666667,-0.025947720743715763,-0.025947720743715763,0.0036682725636825223,0.0004914978478824001,0.0036682725636825223,True
27,1.1483569818296664,2.147007418413888,0.006666666666666667,-0.03444366995245218,-0.03444366995245218,0.004869359042805504,0.0006524268435775755,0.004869359042805504,True
28,0.8738084599586904,2.351745202273665,0.006666666666666667,-0.028708167374134064,-0.028708167374134064,0.004058521417480445,0.0005437858031666445,0.004058521417480445,True
29,1.3907305016728777,1.9815373701007435,0.006666666666666667,-0.03849853482097387,-0.03849853482097387,0.005442602147462515,0.0007292335004879071,0.005442602147462515,True
30,0.9499990896836483,2.3181878601923187,0.006666666666666667,-0.030765981413424015,-0.030765981413424015,0.004349438151388155,0.0005827646266172869,0.004349438151388155,True
31,0.6367911983946781,2.153794122524939,0.006666666666666667,-0.019160207360982895,-0.019160207360982895,0.002708710470119025,0.00036292978329383676,0.002708710470119025,True
32,0.904023085333406,1.9383159871946705,0.006666666666666667,-0.02447952888906002,-0.02447952888906002,0.0034607117880940475,0.00046368757131883817,0.0034607117880940475,True
33,0.7264262618950097,2.279224671098972,0.006666666666666667,-0.02313010673969984,-0.02313010673969984,0.0032699418166566335,0.0004381270305535825,0.0032699418166566335,True
34,1.0228441315401458,1.8936300252328178,0.006666666666666667,-0.027058489620685577,-0.027058489620685577,0.0038253038153224536,0.0005125378662810944,0.0038253038153224536,True
35,0.8462980093502932,2.1221922401888276,0.006666666666666667,-0.025090365670621395,-0.025090365670621395,0.003547066887999962,0.00047525796174664714,0.003547066887999962,True
36,1.0768521913389688,2.1946172757657942,0.006666666666666667,-0.03301519341766834,-0.03301519341766834,0.004667412990590963,0.0006253688623810658,0.004667412990590963,True
37,1.170820768807165,2.1410359507497283,0.006666666666666667,-0.03501977305859327,-0.03501977305859327,0.004950803824182395,0.0006633393191564919,0.004950803824182395,True
38,1.0010708766599508,2.135936151137063,0.006666666666666667,-0.029871157370507717,-0.029871157370507717,0.004222935351271874,0.0005658149989849737,0.004222935351271874,True
39,1.0198791053656056,2.280202667420331,0.006666666666666667,-0.032487859949469566,-0.032487859949469566,0.00459286293682047,0.0006153801850536289,0.00459286293682047,True
40,1.1063598463540554,2.3860450511424016,0.006666666666666667,-0.0368785634636879,-0.0368785634636879,0.0052135840966222955,0.0006985482454638937,0.0052135840966222955,True
41,1.0392841471965775,2.093466954434615,0.006666666666666667,-0.03039480559527874,-0.03039480559527874,0.004296964470067661,0.0005757338782222989,0.004296964470067661,True
42,1.4723130492683416,2.2027753997583095,0.006666666666666667,-0.04530742019414902,-0.04530742019414902,0.00640518571581699,0.0008582064009580511,0.00640518571581699,True
43,1.0878486661733182,2.1794458232763216,0.006666666666666667,-0.03312176838517189,-0.03312176838517189,0.00468247972330779,0.0006273875964245106,0.00468247972330779,True
44,1.394496156552989,2.4494232817036465,0.006666666666666667,-0.047717767767608166,-0.047717767767608166,0.006745940553249438,0.0009038628417884551,0.006745940553249438,True
45,1.0929428681526026,2.2226293488401176,0.006666666666666667,-0.03393621928989887,-0.03393621928989887,0.004797619986359887,0.0006428148010589197,0.004797619986359887,True
46,1.34785165088502,2.100243184276638,0.006666666666666667,-0.039546734653413296,-0.039546734653413296,0.005590787892069334,0.000749088343141144,0.005590787892069334,True
47,0.9389396078567308,2.115672401016121,0.006666666666666667,-0.027751408517360687,-0.027751408517360687,0.003923262962525093,0.000525663038741605,0.003923262962525093,True
48,0.593642912855582,2.0459884101660215,0.006666666666666667,-0.016967873089015484,-0.016967873089015484,0.0023987764933734944,0.0003214029120181815,0.0023987764933734944,True
49,0.47813926997901424,2.259252109495039,0.006666666666666667,-0.015091001987457275,-0.015091001987457275,0.002133440107794996,0.00028585150186184136,0.002133440107794996,True
50,0.5926851994085485,2.2087639254545586,0.006666666666666667,-0.018288257531821728,-0.018288257531821728,0.0025854414400787755,0.0003464134361785309,0.0025854414400787755,True
51,1.1034814413365601,2.3581101894066347,0.006666666666666667,-0.03635198064148426,-0.03635198064148426,0.005139140125572225,0.0006885737817555049,0.005139140125572225,True
52,1.0831423904592854,2.09189895045135,0.006666666666666667,-0.031653753481805325,-0.031653753481805325,0.004474943877807836,0.0005995806601484117,0.004474943877807836,True
53,0.8183858719420446,2.1944077773217407,0.006666666666666667,-0.025088483467698097,-0.025088483467698097,0.0035468007073673233,0.0004752222972190477,0.0035468007073673233,True
54,0.6577712312164431,2.0782308352393057,0.006666666666666667,-0.019097108393907547,-0.019097108393907547,0.002699790042976141,0.00036173456928865994,0.002699790042976141,True
55,1.269967979100997,2.286607670543657,0.006666666666666667,-0.0405679801478982,-0.0405679801478982,0.0057351630986146665,0.0007684326263351312,0.0057351630986146665,True
56,0.6610167968418447,2.342977199545729,0.006666666666666667,-0.021636126562952995,-0.021636126562952995,0.003058735405154697,0.000409828289140552,0.003058735405154697,True
57,1.1321738136245276,2.133485919293768,0.006666666666666667,-0.03374441061168909,-0.03374441061168909,0.004770503710858244,0.0006391815947417031,0.004770503710858244,True
58,0.6768215237047644,2.2810538418013953,0.006666666666666667,-0.02156793884932995,-0.02156793884932995,0.0030490953813942117,0.00040853665912954286,0.0030490953813942117,True
59,0.9426961100966144,2.3591859659279666,0.006666666666666667,-0.03106939885765314,-0.03106939885765314,0.004392332705883143,0.0005885119043492874,0.004392332705883143,True
60,1.0834589527417111,2.1931083493492394,0.006666666666666667,-0.03319491073489189,-0.03319491073489189,0.004692819867054222,0.0006287730328417717,0.004692819867054222,True
61,1.2441124065739966,2.203096846339742,0.006666666666666667,-0.03829059936106205,-0.03829059936106205,0.005413205937459162,0.0007252948144438029,0.005413205937459162,True
62,1.167325091348418,2.3226798399763804,0.006666666666666667,-0.03787739668041468,-0.03787739668041468,0.0053547907148855396,0.0007174679816008027,0.0053547907148855396,True
63,1.0235526795380607,2.1043312585876115,0.006666666666666667,-0.03009007405489683,-0.03009007405489683,0.004253883978662459,0.0005699616875129703,0.004253883978662459,True
64,0.8279438217693562,2.1974546919598983,0.006666666666666667,-0.025416734628379345,-0.025416734628379345,0.00359320611948471,0.0004814399813714201,0.00359320611948471,True
65,1.1185977095177386,2.2412317748526758,0.006666666666666667,-0.035023508593440056,-0.035023508593440056,0.004951331900588708,0.0006634100740997832,0.004951331900588708,True
66,0.9242288922962532,2.1535771160003243,0.006666666666666667,-0.027806025929749012,-0.027806025929749012,0.003930984278378993,0.0005266975883992788,0.003930984278378993,True
67,1.3376721370949678,2.1762561705836503,0.006666666666666667,-0.040668546222150326,-0.040668546222150326,0.005749380260658639,0.0007703375296448768,0.005749380260658639,True
68,0.8096942718318609,2.2469801187106544,0.006666666666666667,-0.025416704826056957,-0.025416704826056957,0.0035932019644699565,0.0004814394246568429,0.0035932019644699565,True
69,1.232528024906459,2.1327377360157445,0.006666666666666667,-0.036722581833601,-0.036722581833601,0.005191532654260818,0.000695593656818908,0.005191532654260818,True
70,1.0738764936160066,2.2803996474930948,0.006666666666666667,-0.03421088121831417,-0.03421088121831417,0.0048364493782955325,0.0006480174031664887,0.0048364493782955325,True
71,1.0280321050064463,1.9730464513344534,0.006666666666666667,-0.02833628747612238,-0.02833628747612238,0.004005948275494291,0.0005367417284164655,0.004005948275494291,True
72,0.6878406078040771,2.139170893116848,0.006666666666666667,-0.02055569924414158,-0.02055569924414158,0.0029059935570265806,0.00038936299155612554,0.0029059935570265806,True
73,1.0960770354261062,2.1445566956160516,0.006666666666666667,-0.032838065177202225,-0.032838065177202225,0.004642372144958635,0.0006220137349951419,0.004642372144958635,True
74,1.1977268143845126,2.2270721164626774,0.006666666666666667,-0.03726413194090128,-0.03726413194090128,0.005268092436729838,0.0007058516100283863,0.005268092436729838,True
75,0.9813470582974594,2.325045931967065,0.006666666666666667,-0.03187521453946829,-0.03187521453946829,0.004506252303507222,0.0006037755566793244,0.004506252303507222,True
76,1.429151348381847,2.3241052025501316,0.006666666666666667,-0.04640160035341978,-0.04640160035341978,0.006559871721317057,0.000878932188772598,0.006559871721317057,True
77,1.239256445341041,2.0936981830104178,0.006666666666666667,-0.036247179843485355,-0.036247179843485355,0.005124324251871134,0.0006865886593546565,0.005124324251871134,True
78,1.4204371778127631,2.3347363883141212,0.006666666666666667,-0.04632963053882122,-0.04632963053882122,0.006549697258783917,0.0008775689513491013,0.006549697258783917,True
79,1.1907500326994294,2.2997879743743272,0.006666666666666667,-0.038256687112152576,-0.038256687112152576,0.0054084116996548125,0.0007246524528084099,0.0054084116996548125,True
80,0.7450033027335359,2.028711992549015,0.006666666666666667,-0.021114341914653778,-0.021114341914653778,0.0029849697402631165,0.0003999447090868851,0.0029849697402631165,True
81,1.0776415464708502,2.110459653513962,0.006666666666666667,-0.03177242260426283,-0.03177242260426283,0.004491720399095683,0.0006018284822403591,0.004491720399095683,True
82,0.7744487497627192,2.2315116560173656,0.006666666666666667,-0.02414297591894865,-0.02414297591894865,0.0034131327141530402,0.0004573126326957477,0.0034131327141530402,True
83,1.2133548573941637,2.3572329495569857,0.006666666666666667,-0.03995667025446892,-0.03995667025446892,0.005648741128940066,0.0007568532762820962,0.005648741128940066,True
84,1.041088061418919,2.088476378597979,0.006666666666666667,-0.030374979600310326,-0.030374979600310326,0.004294161523083871,0.000575358322048011,0.004294161523083871,True
85,0.9252210506322592,2.07830603807452,0.006666666666666667,-0.026862965896725655,-0.026862965896725655,0.0037976623199871403,0.0005088342877618583,0.0037976623199871403,True
86,0.6409843381708051,2.119706932612308,0.006666666666666667,-0.018981135450303555,-0.018981135450303555,0.0026833947442919184,0.0003595378257591674,0.0026833947442919184,True
87,0.7530343665718084,2.2449991266189184,0.006666666666666667,-0.023617282509803772,-0.023617282509803772,0.003338814562143471,0.00044735502700064876,0.003338814562143471,True
88,0.9395289849209016,2.121141596350601,0.006666666666666667,-0.02784061338752508,-0.02784061338752508,0.00393587395167846,0.0005273527370726161,0.00393587395167846,True
89,0.9740868900333596,2.1347935241933946,0.006666666666666667,-0.029050427488982677,-0.029050427488982677,0.004106907343348874,0.0005502688488016876,0.004106907343348874,True
90,0.9851061349219805,2.1717991388671885,0.006666666666666667,-0.029888329096138477,-0.029888329096138477,0.0042253629186415394,0.000566140259476681,0.0042253629186415394,True
91,0.9851950851539382,2.242682701453656,0.006666666666666667,-0.030866616405546665,-0.030866616405546665,0.004363665051747957,0.0005846708347268228,0.004363665051747957,True
92,0.9192036956382712,1.8778447287053552,0.006666666666666667,-0.024114063009619713,-0.024114063009619713,0.0034090452183893984,0.00045676496473046394,0.0034090452183893984,True
93,0.9003921981117734,2.23527248029894,0.006666666666666667,-0.028116492554545403,-0.028116492554545403,0.003974875517037948,0.0005325784080404761,0.003974875517037948,True
94,0.9478804807997114,2.3377803100270804,0.006666666666666667,-0.03095681220293045,-0.03095681220293045,0.004376416272649249,0.0005863793221748129,0.004376416272649249,True
95,0.6550836168421952,2.364752346509325,0.006666666666666667,-0.021641201339662075,-0.021641201339662075,0.0030594526645765,0.0004099243919944347,0.0030594526645765,True
96,1.3461758013585023,2.315431899989881,0.006666666666666667,-0.04354444332420826,-0.04354444332420826,0.006155950661628912,0.0008248123467748691,0.006155950661628912,True
97,1.3439653137987615,2.304052413637072,0.006666666666666667,-0.04325928818434477,-0.04325928818434477,0.006115637799582096,0.0008194109801659225,0.006115637799582096,True
98,1.0067194342282357,2.109000914988811,0.006666666666666667,-0.029660889878869057,-0.029660889878869057,0.004193209466816683,0.0005618321411186378,0.004193209466816683,True
99,0.7231590449304865,2.1282570108846843,0.006666666666666667,-0.021500910632312298,-0.021500910632312298,0.0030396196105606957,0.0004072670367416621,0.0030396196105606957,True
100,0.9590306561146162,2.2642594589402814,0.006666666666666667,-0.030335952527821064,-0.030335952527821064,0.004288644182868221,0.0005746190746788611,0.004288644182868221,True
101,0.6776169841827883,2.1868324553583975,0.006666666666666667,-0.020701353438198566,-0.020701353438198566,0.002926584901234877,0.00039212194721923024,0.002926584901234877,True
102,0.890381573427913,2.0568894712920263,0.006666666666666667,-0.02558503858745098,-0.02558503858745098,0.003616999551781545,0.00048462797260288143,0.003616999551781545,True
103,0.9974216832410767,2.279432464694252,0.006666666666666667,-0.03176175523549318,-0.03176175523549318,0.004490212388428625,0.0006016264296435099,0.004490212388428625,True
104,1.1111765529133841,2.347810919686771,0.006666666666666667,-0.036445602774620056,-0.036445602774620056,0.00515237566538071,0.0006903471612463958,0.00515237566538071,True
105,0.8555893608372197,2.021945758057303,0.006666666666666667,-0.024167616851627827,-0.024167616851627827,0.00341661630449112,0.0004577793856767071,0.00341661630449112,True
106,1.1266115453863645,1.9556421423714834,0.006666666666666667,-0.030779569409787655,-0.030779569409787655,0.00435135906664633,0.0005830220027252415,0.00435135906664633,True
107,0.8314877550808081,2.295250824630161,0.006666666666666667,-0.02666152361780405,-0.02666152361780405,0.0037691841085558645,0.0005050186008446459,0.0037691841085558645,True
108,1.1329460553456883,2.2598099520629247,0.006666666666666667,-0.03576680179685354,-0.03576680179685354,0.005056412483390228,0.0006774894205508898,0.005056412483390228,True
109,0.8553412829970496,2.150287136058004,0.006666666666666667,-0.025694184936583042,-0.025694184936583042,0.0036324297184450838,0.00048669540177449745,0.0036324297184450838,True
110,1.1854485893032634,2.191365394844618,0.006666666666666667,-0.03629079461097717,-0.03629079461097717,0.005130490163920944,0.0006874148063898353,0.005130490163920944,True
111,0.7027860601950362,2.2050269916037033,0.006666666666666667,-0.021648908033967018,-0.021648908033967018,0.003060542187351364,0.00041007037299496506,0.003060542187351364,True
112,1.1976839540813031,2.1450607910143282,0.006666666666666667,-0.035890606231987476,-0.035890606231987476,0.005073914833817805,0.0006798344937205351,0.005073914833817805,True
113,0.8550757080011753,2.3273322045697853,0.006666666666666667,-0.027801095508038998,-0.027801095508038998,0.003930287274654112,0.0005266041995289597,0.003930287274654112,True
114,0.9302452763768687,2.03962424056606,0.006666666666666667,-0.026506146416068077,-0.026506146416068077,0.0037472181036852523,0.000502075459643153,0.0037472181036852523,True
115,1.0338473481032162,2.2137851388222884,0.006666666666666667,-0.03197354916483164,-0.03197354916483164,0.004520153944118359,0.0006056381844758667,0.004520153944118359,True
116,1.0867759401113224,2.0904656615513257,0.006666666666666667,-0.03173817880451679,-0.03173817880451679,0.004486879287531145,0.0006011798401686422,0.004486879287531145,True
117,1.0167839694891248,2.254850899266386,0.006666666666666667,-0.03202915471047163,-0.03202915471047163,0.004528014972343341,0.0006066914536611975,0.004528014972343341,True
118,1.2723795157961313,2.2232886672107237,0.006666666666666667,-0.039519503712654114,-0.039519503712654114,0.005586938141056113,0.0007485725296880723,0.005586938141056113,True
119,1.3215112770460469,2.234074247206052,0.006666666666666667,-0.0412446316331625,-0.0412446316331625,0.0058308224451513084,0.0007812496572771824,0.0058308224451513084,True
120,0.8522473447414389,2.1508407407809487,0.006666666666666667,-0.02560783550143242,-0.02560783550143242,0.0036202224149438503,0.00048505979174412385,0.0036202224149438503,True
121,0.7727342097244894,2.2498701197187136,0.006666666666666667,-0.02428770810365677,-0.02428770810365677,0.003433593824617661,0.0004600541388363246,0.003433593824617661,True
122,1.1424089863119233,2.3140077420040996,0.006666666666666667,-0.03693051543086767,-0.03693051543086767,0.005220928604575748,0.000699532308068351,0.005220928604575748,True
123,0.9496353327025359,2.235932145183837,0.006666666666666667,-0.02966295648366213,-0.02966295648366213,0.0041935016162915305,0.0005618712851123445,0.0041935016162915305,True
124,1.159174960758465,2.127855457285709,0.006666666666666667,-0.03445800021290779,-0.03445800021290779,0.004871385002030412,0.000652698294125934,0.004871385002030412,True
125,1.2423021134705312,2.083244899437426,0.006666666666666667,-0.03615484479814768,-0.03615484479814768,0.005111270753646531,0.0006848396709211776,0.005111270753646531,True
126,1.2445866042341365,2.2715533326367106,0.006666666666666667,-0.03949544578790665,-0.03949544578790665,0.005583537131636256,0.0007481168414093341,0.005583537131636256,True
127,1.5361462726956128,2.055073488098121,0.006666666666666667,-0.04410206060856581,-0.04410206060856581,0.0062347819387259225,0.00083537464888475,0.0062347819387259225,True
128,0.7403385961490896,2.09254543917702,0.006666666666666667,-0.021642341278493404,-0.021642341278493404,0.0030596138012424045,0.00040994598208163026,0.0030596138012424045,True
129,0.6000840391104869,2.212604073739564,0.006666666666666667,-0.018548754043877125,-0.018548754043877125,0.002622268374591712,0.00035134773665456846,0.002622268374591712,True
130,0.9594474416209654,2.097580282531782,0.006666666666666667,-0.02811504155397415,-0.02811504155397415,0.003974670363184501,0.0005325509202582289,0.003974670363184501,True
131,0.8892270141270314,2.2159112594174823,0.006666666666666667,-0.027527322061359882,-0.027527322061359882,0.003891583442070545,0.0005214184206400194,0.003891583442070545,True
132,0.9319654168565459,2.2005303302877444,0.006666666666666667,-0.02865009754896164,-0.02865009754896164,0.0040503121470814455,0.0005426858743408152,0.0040503121470814455,True
133,0.9428096464001582,2.123558062873137,0.006666666666666667,-0.027969655580818653,-0.027969655580818653,0.003954116933485828,0.0005297970446156406,0.003954116933485828,True
134,0.7819281654322148,2.1025784105914336,0.006666666666666667,-0.022967726923525333,-0.022967726923525333,0.0032469857496768167,0.00043505123470675007,0.0032469857496768167,True
135,1.0580745177090691,2.074711015038163,0.006666666666666667,-0.030667108483612537,-0.030667108483612537,0.004335460292225137,0.0005808917865877199,0.004335460292225137,True
136,1.1096176593263525,2.4047620286924127,0.006666666666666667,-0.03727729804813862,-0.03727729804813862,0.005269953883339355,0.0007061010181589551,0.005269953883339355,True
137,0.9789092210525577,2.09699221245002,0.006666666666666667,-0.02867729589343071,-0.02867729589343071,0.004054157093858858,0.0005432010440926571,0.004054157093858858,True
138,1.0389533562745468,2.0882031285022253,0.006666666666666667,-0.030308730900287628,-0.030308730900287628,0.00428479586014132,0.0005741034525964253,0.00428479586014132,True
139,1.023914714994566,2.1752456272358467,0.006666666666666667,-0.031115088611841202,-0.031115088611841202,0.004398792065849914,0.0005893773693514786,0.004398792065849914,True
140,1.0683518043470506,2.150754851270922,0.006666666666666667,-0.032099935226142406,-0.032099935226142406,0.004538021416467391,0.0006080321789389803,0.004538021416467391,True
141,1.0402627710830532,2.145505122747126,0.006666666666666667,-0.031179673969745636,-0.031179673969745636,0.004407922580926265,0.0005906007322374631,0.004407922580926265,True
142,0.934850263166138,2.249536554895923,0.006666666666666667,-0.0293788006529212,-0.0293788006529212,0.004153330024746331,0.0005564888467990215,0.004153330024746331,True
143,0.9831166394047414,2.227943582031101,0.006666666666666667,-0.030599066987633705,-0.030599066987633705,0.004325841043538419,0.0005796029401495967,0.004325841043538419,True
144,0.7370991240876194,2.2979445994130514,0.006666666666666667,-0.023662705905735493,-0.023662705905735493,0.003345236267289038,0.0004482154467769843,0.003345236267289038,True
145,0.9163719538574887,2.282627426222231,0.006666666666666667,-0.029221720062196255,-0.029221720062196255,0.004131123288708445,0.0005535134509467143,0.004131123288708445,True
146,0.7728361727784953,2.1986527097220496,0.006666666666666667,-0.02373794000595808,-0.02373794000595808,0.003355872196148225,0.0004496405143132071,0.003355872196148225,True
147,1.0313518930189276,2.3899802311011884,0.006666666666666667,-0.034435003995895386,-0.034435003995895386,0.004868133962674311,0.0006522626997639652,0.004868133962674311,True
148,0.9045838740852283,2.1806554186069285,0.006666666666666667,-0.027557183988392353,-0.027557183988392353,0.0038958050669041953,0.0005219840600477472,0.0038958050669041953,True
149,0.6631972121709548,2.0185273558878856,0.006666666666666667,-0.018701493740081787,-0.018701493740081787,0.0026438613370439964,0.0003542408953254305,0.0026438613370439964,True
150,0.8319219181628591,2.0839004221635338,0.006666666666666667,-0.024219127371907234,-0.024219127371907234,0.003423898487223271,0.00045875509756250694,0.003423898487223271,True
151,1.281914124190777,2.190853182383132,0.006666666666666667,-0.03923477418720722,-0.03923477418720722,0.0055466855267232214,0.0007431792354404946,0.0055466855267232214,True
152,0.9190946236984815,2.3347434674205654,0.006666666666666667,-0.029977702535688877,-0.029977702535688877,0.0042379977991297375,0.0005678331589165107,0.0042379977991297375,True
153,1.1909109872809234,2.1696725056821893,0.006666666666666667,-0.03609711118042469,-0.03609711118042469,0.005103108876384563,0.0006837460921209943,0.005103108876384563,True
154,0.6877020539934525,2.1469315687211834,0.006666666666666667,-0.02062611747533083,-0.02062611747533083,0.002915948712687268,0.00039069684488834635,0.002915948712687268,True
155,1.1212690657518782,1.9760474392289278,0.006666666666666667,-0.030953243374824524,-0.030953243374824524,0.004375911698045135,0.0005863117161483488,0.004375911698045135,True
156,1.3185321890874417,1.976579547882034,0.006666666666666667,-0.03640860039740801,-0.03640860039740801,0.00514714463165041,0.0006896462749910786,0.00514714463165041,True
157,1.2189560444149572,2.177689561136924,0.006666666666666667,-0.03708369191735983,-0.03708369191735983,0.005242583372872488,0.0007024337478685483,0.005242583372872488,True
158,0.9841269763558832,2.382285122052668,0.006666666666666667,-0.03275245241820812,-0.03275245241820812,0.004630268846670447,0.000620392060226528,0.004630268846670447,True
159,1.0365521818209327,2.216583655092746,0.006666666666666667,-0.032097725197672844,-0.032097725197672844,0.00453770888145141,0.0006079903035643793,0.00453770888145141,True
160,0.596033871420193,2.149715639187069,0.006666666666666667,-0.017899912782013416,-0.017899912782013416,0.0025305404510770385,0.00033905746208649654,0.0025305404510770385,True
161,0.8592687041775142,2.2048612575020865,0.006666666666666667,-0.0264672739431262,-0.0264672739431262,0.0037417227071412677,0.0005013391524228637,0.0037417227071412677,True
162,1.1623165356433962,2.2579529216762806,0.006666666666666667,-0.03666386567056179,-0.03666386567056179,0.005183231973537244,0.0006944814802723812,0.005183231973537244,True
163,0.9776207492695743,2.1448300198445747,0.006666666666666667,-0.02929289173334837,-0.02929289173334837,0.004141185046466399,0.0005548615874873054,0.004141185046466399,True
164,0.6649067630378356,2.209026401280606,0.006666666666666667,-0.02051920909434557,-0.02051920909434557,0.00290083471667762,0.0003886717782165864,0.00290083471667762,True
165,0.9019680211115546,1.9720029231246505,0.006666666666666667,-0.02484835498034954,-0.02484835498034954,0.003512853327922693,0.00047067381734231434,0.003512853327922693,True
166,1.1277513296930444,2.3754853700371563,0.006666666666666667,-0.037425246089696884,-0.037425246089696884,0.005290869578386838,0.0007089034323537396,0.005290869578386838,True
167,1.0726225513365362,2.227709076658221,0.006666666666666667,-0.033381384797394276,-0.033381384797394276,0.0047191821372223365,0.0006323052128605638,0.0047191821372223365,True
168,1.1694180264050016,2.1436751029246093,0.006666666666666667,-0.03502093255519867,-0.03502093255519867,0.004950967687576731,0.0006633612745876287,0.004950967687576731,True
169,0.81361003565939,2.1462450256542525,0.006666666666666667,-0.024394648149609566,-0.024394648149609566,0.003448712105486273,0.0004620797796199922,0.003448712105486273,True
170,0.941096822081348,2.1221077335549694,0.006666666666666667,-0.027899774722754955,-0.027899774722754955,0.003944237736688601,0.0005284733687217836,0.003944237736688601,True
171,0.6344204668203182,2.193526308777084,0.006666666666666667,-0.01944101694971323,-0.01944101694971323,0.002748409039203394,0.0003682488431320159,0.002748409039203394,True
172,0.9222248194209612,2.0015378000614543,0.006666666666666667,-0.025786925107240677,-0.025786925107240677,0.003645540607810966,0.0004884520798280733,0.003645540607810966,True
173,0.6043320079116414,2.1652158011453144,0.006666666666666667,-0.01827998086810112,-0.01827998086810112,0.0025842712840488534,0.0003462566514357374,0.0025842712840488534,True
174,0.9808235989796502,2.2733997202296536,0.006666666666666667,-0.031150545924901962,-0.031150545924901962,0.004403804701617239,0.0005900489932968338,0.004403804701617239,True
175,0.9159483792863081,2.2985025227196463,0.006666666666666667,-0.02941134851425886,-0.02941134851425886,0.004157931443897282,0.0005571053733985682,0.004157931443897282,True
176,1.1708364418211357,2.18841515902647,0.006666666666666667,-0.035795208998024464,-0.035795208998024464,0.005060428434993584,0.0006780275025870479,0.005060428434993584,True
177,0.924479921259181,2.0732228062138622,0.006666666666666667,-0.026775797829031944,-0.026775797829031944,0.0037853391954496564,0.0005071831593126462,0.0037853391954496564,True
178,0.7776256798428529,2.311877338939797,0.006666666666666667,-0.02511506713926792,-0.02511506713926792,0.0035505589182117593,0.0004757258455540913,0.0035505589182117593,True
179,1.0044079655956015,2.268337101818638,0.006666666666666667,-0.03182853851467371,-0.03182853851467371,0.004499653490857793,0.0006028914069441375,0.004499653490857793,True
180,1.2518787955227557,2.2841364358450016,0.006666666666666667,-0.03994691837579012,-0.03994691837579012,0.005647362443107208,0.0007566685514264614,0.005647362443107208,True
181,1.287606831246853,2.2294255548465225,0.006666666666666667,-0.040102846920490265,-0.040102846920490265,0.005669406354504446,0.000759622131026276,0.005669406354504446,True
182,1.314855468352688,2.108034133828551,0.006666666666666667,-0.038721716962754726,-0.038721716962754726,0.005474153771369185,0.0007334609822189145,0.005474153771369185,True
183,0.576902961188047,2.1964329936264706,0.006666666666666667,-0.01770189218223095,-0.01770189218223095,0.0025025460391761094,0.0003353065976228626,0.0025025460391761094,True
184,1.1047035007844332,2.1743782490230656,0.006666666666666667,-0.033556741662323475,-0.033556741662323475,0.004743972643215772,0.0006356267981932136,0.004743972643215772,True
185,0.8263452790883499,2.4514456166828333,0.006666666666666667,-0.02829976100474596,-0.02829976100474596,0.0040007843712211,0.0005360498365810354,0.0040007843712211,True
186,1.0634945027867881,2.085520829695202,0.006666666666666667,-0.03098480310291052,-0.03098480310291052,0.004380373274980793,0.0005869095058229079,0.004380373274980793,True
187,1.10790207362012,2.278720443363699,0.006666666666666667,-0.03526885621249676,-0.03526885621249676,0.004986017054840485,0.0006680574056086238,0.004986017054840485,True
188,0.9983756690262913,1.9696662611961877,0.006666666666666667,-0.027471703477203846,-0.027471703477203846,0.0038837204661823985,0.0005203648904947306,0.0038837204661823985,True
189,1.3096958477373852,2.2291453433473722,0.006666666666666667,-0.04078568797558546,-0.04078568797558546,0.005765940721179308,0.0007725564025788115,0.005765940721179308,True
190,0.8157228668311322,2.229437028963971,0.006666666666666667,-0.025406030006706715,-0.025406030006706715,0.0035916927852050005,0.0004812372154840191,0.0035916927852050005,True
191,0.7665367627027083,2.0787731965207628,0.006666666666666667,-0.02226071245968342,-0.02226071245968342,0.0031470340132115065,0.00042165908281182875,0.0031470340132115065,True
192,1.0836279953971846,2.238853939677057,0.006666666666666667,-0.03389260359108448,-0.03389260359108448,0.004791453944465864,0.0006419886366264102,0.004791453944465864,True
193,0.7448521752981219,2.252695768109662,0.006666666666666667,-0.02344075497239828,-0.02344075497239828,0.0033138586346251656,0.00044401127746889564,0.0033138586346251656,True
194,1.0054396935236376,2.3753146026298095,0.006666666666666667,-0.03336384706199169,-0.03336384706199169,0.004716702762012465,0.0006319730108339725,0.004716702762012465,True
195,0.9870264620422624,2.2659129390309545,0.006666666666666667,-0.031244312413036823,-0.031244312413036823,0.004417060497122646,0.0005918250867712883,0.004417060497122646,True
196,0.8253366018651053,2.1821786063382858,0.006666666666666667,-0.025160563178360462,-0.025160563178360462,0.0035569907512057876,0.0004765876223222087,0.0035569907512057876,True
197,0.5932132888078028,2.077221157653146,0.006666666666666667,-0.017214426770806313,-0.017214426770806313,0.0024336321330743716,0.0003260730862220164,0.0024336321330743716,True
198,1.2726319249539997,2.12026594347697,0.006666666666666667,-0.037695725448429585,-0.037695725448429585,0.005329107659785392,0.000714026807018046,0.005329107659785392,True
199,0.6868948686561742,2.265824785247009,0.006666666666666667,-0.02174280397593975,-0.02174280397593975,0.0030738164207347396,0.0004118489368903557,0.0030738164207347396,True
