sample_id,satellite_id,position_error_m,velocity_error_mps,delta_v_mps,success
0,SAT-1,262.5670169332857,0.013134889636934648,0.02529077005051269,True
0,SAT-2,337.60506541688693,0.014603102920815026,0.03023296706048572,True
0,SAT-3,221.44970202151484,0.01005618934653594,0.020308490366050515,True
1,SAT-1,320.6016408331759,0.006212079658806077,0.021054748215897555,True
1,SAT-2,450.4056986494687,0.009960930333321046,0.03081304601153719,True
1,SAT-3,233.44225092413555,0.0014403363709981725,0.0122478479878563,True
2,SAT-1,31.978528259029545,0.0069209341665682775,0.008401421585967794,True
2,SAT-2,289.45303560647613,0.006405627380775602,0.019806230881075422,True
2,SAT-3,381.7551661634904,0.013361340214926585,0.03103519050027336,True
3,SAT-1,438.1699063317345,0.009368145881751683,0.029653789693406058,True
3,SAT-2,394.1299920179672,0.011940950101746048,0.030187708991466753,True
3,SAT-3,402.95444510881885,0.01036591474803886,0.0290212131327064,True
4,SAT-1,612.7329995666031,0.006537360488685575,0.034904628987139426,True
4,SAT-2,413.00371609779984,0.01018538433559711,0.02930592674753229,True
4,SAT-3,412.794864573698,0.005842769215548738,0.024953642575442164,True
5,SAT-1,523.6896023729109,0.009471629937037493,0.03371651893578337,True
5,SAT-2,354.5506096493051,0.00548422396735049,0.02189860404370721,True
5,SAT-3,442.3760405673787,0.006223654245843213,0.02670402649433297,True
6,SAT-1,162.2586215035231,0.011143063618751316,0.018655036836507016,True
6,SAT-2,457.22818286143394,0.012665481575462227,0.033833453004232315,True
6,SAT-3,513.6654878739034,0.006931516635123612,0.03071232625891544,True
7,SAT-1,478.1265547309848,0.008160161876797,0.030295650521750005,True
7,SAT-2,637.628788358097,0.006929261342319735,0.0364491126551946,True
7,SAT-3,320.60353852875244,0.010452347369592855,0.025295103782961022,True
8,SAT-1,534.8454399507473,0.01095271321453381,0.035714076175216554,True
8,SAT-2,41.90487247903171,0.010722393153197613,0.012662433545745377,True
8,SAT-3,602.774122206058,0.0032518503593223433,0.031158059720713917,True
9,SAT-1,416.0195834719492,0.007525097931467941,0.02678526383294707,True
9,SAT-2,481.33423744802434,0.0029826896903082704,0.02526668216475384,True
9,SAT-3,533.2571910770449,0.011826150640964811,0.03651398356119837,True
10,SAT-1,917.6230684794481,0.005642502482264452,0.04812505194890557,True
10,SAT-2,564.0357496482274,0.0059317161515276265,0.03204448233894556,True
10,SAT-3,298.3836800693836,0.012783626814061281,0.026597686076532744,True
11,SAT-1,386.55674188557555,0.01094698440642617,0.028843129864091707,True
11,SAT-2,459.57189442157323,0.0074800842735105975,0.02875656086710195,True
11,SAT-3,409.9484502674069,0.012581968739555967,0.03156106365934332,True
12,SAT-1,148.9671883248859,0.00972882779623165,0.016625456885346737,True
12,SAT-2,532.5699511412308,0.011982503775485374,0.036638520032023836,True
12,SAT-3,205.51449390611754,0.008018798258055116,0.017533358161116112,True
13,SAT-1,175.13903033539663,0.01074911667397968,0.018857405115433226,True
13,SAT-2,163.07518228324324,0.008562434399700577,0.016112211357258134,True
13,SAT-3,364.15576855075403,0.010363728137955528,0.027222791496786733,True
14,SAT-1,757.5751628211694,0.014753819004548474,0.04982674320923224,True
14,SAT-2,360.92279724314375,0.008932384402897234,0.025641773164153888,True
14,SAT-3,154.97107124833533,0.004943597565471787,0.012118184197339163,True
15,SAT-1,485.07083632791273,0.005660714349741637,0.02811769751307093,True
15,SAT-2,510.4713739531101,0.002260036757575817,0.025892970736886473,True
15,SAT-3,485.64073411116533,0.00867989243976772,0.031163259759729077,True
16,SAT-1,586.1149702864749,0.007648772318338498,0.03478372464641604,True
16,SAT-2,357.10705255955133,0.0033795298259624742,0.019912263740756518,True
16,SAT-3,449.5989368562362,0.00846876092687105,0.02928352652206717,True
17,SAT-1,128.64115080178078,0.002955398894753383,0.008911007728169159,True
17,SAT-2,376.1385252497757,0.006250090110657554,0.023663910724073096,True
17,SAT-3,323.78380450975055,0.006605095317038803,0.02159508626656429,True
18,SAT-1,404.5326666354822,0.019279109953284794,0.03800747414937193,True
18,SAT-2,179.52346644813616,0.007651760558227817,0.015963032153048937,True
18,SAT-3,449.31230605463446,0.009006693907292111,0.029808189557969635,True
19,SAT-1,616.5588700759209,0.004290494256334227,0.032834886389478714,True
19,SAT-2,90.41421188964645,0.011747986204346602,0.01593382934738579,True
19,SAT-3,684.9093059723738,0.010215809226184265,0.04192457339157194,True
20,SAT-1,805.1525369800688,0.007378049480901948,0.044653629896645876,True
20,SAT-2,473.53616606031454,0.006873566833355271,0.02879653748429576,True
20,SAT-3,382.74668215103037,0.008326958778979248,0.026046712582267692,True
21,SAT-1,201.02572930467488,0.011144826009836512,0.020451572736904795,True
21,SAT-2,583.6622312961655,0.00879343604631243,0.03581483564335713,True
21,SAT-3,448.0791336240815,0.014768651596077199,0.03551305593052542,True
22,SAT-1,307.00749707210997,0.005900978023424409,0.02011428807305913,True
22,SAT-2,564.696210955911,0.0063075914240525895,0.03245093452386329,True
22,SAT-3,317.14348616486456,0.005030650675063218,0.019713219478992135,True
23,SAT-1,797.9448443957479,0.0075286856844983775,0.04447057662874596,True
23,SAT-2,433.35470579021955,0.007866281465247517,0.02792899932590583,True
23,SAT-3,280.1263491511183,0.01302379753238817,0.02599260999308809,True
24,SAT-1,530.0244363454062,0.004582967653627963,0.029121136002952325,True
24,SAT-2,369.3050596782573,0.003477159139330244,0.02057461560591623,True
24,SAT-3,428.6464294680955,0.011144781583795274,0.030989523688799696,True
25,SAT-1,407.6895302250122,0.009945942845478709,0.028820458133673718,True
25,SAT-2,314.6964136820119,0.004783876573675908,0.01935315498488016,True
25,SAT-3,560.3181113901279,0.006727411129997009,0.032668064435095526,True
26,SAT-1,345.6011812815847,0.009324126595594121,0.025324181284556376,True
26,SAT-2,463.5008832830256,0.01277994781094132,0.034238322037007315,True
26,SAT-3,662.5001951731551,0.0044447712297824155,0.03511607656187293,True
27,SAT-1,271.21710357135385,0.011042537628947344,0.023598885016510023,True
27,SAT-2,327.5765345491072,0.0017071667516522458,0.01687274705485165,True
27,SAT-3,413.15755038769845,0.006342120630430365,0.02546978500023122,True
28,SAT-1,516.6460941632649,0.005697878875556167,0.029616679531262877,True
28,SAT-2,496.62290293945165,0.0023327516367924023,0.025324552698804053,True
28,SAT-3,509.6139631987206,0.01130759584854018,0.034900834885517984,True
29,SAT-1,319.5469857222774,0.0073204321681200266,0.02211427409970694,True
29,SAT-2,493.6852669474438,0.007571699491529638,0.030427498887244626,True
29,SAT-3,315.2783800419156,0.003444655722545525,0.01804087702078236,True
30,SAT-1,644.4007108815857,0.007073476569554483,0.03690684281407234,True
30,SAT-2,355.268511574177,0.012945144267181345,0.029392760543763614,True
30,SAT-3,479.180978453403,0.006028800128021336,0.028213104686049255,True
31,SAT-1,657.0042766338396,0.008784030537777756,0.03920089519675181,True
31,SAT-2,295.6955504220123,0.008793473466044264,0.022483082281878165,True
31,SAT-3,346.9147117236275,0.006898985540457558,0.022959851823958828,True
32,SAT-1,212.59281111050439,0.01162273322103508,0.021464992994669543,True
32,SAT-2,330.32374008347335,0.005943334060619341,0.02123609980522459,True
32,SAT-3,693.1474583883114,0.00897819533160145,0.04106835544217142,True
33,SAT-1,439.3701389314533,0.007185462984911974,0.027526673120627405,True
33,SAT-2,400.94758652862595,0.009883967703474862,0.028446355968689028,True
33,SAT-3,480.0077472064869,0.007637168414130718,0.029859749303319926,True
34,SAT-1,224.76321346254346,0.00885084309665124,0.019256547423620846,True
34,SAT-2,548.2411332532087,0.007797186418593704,0.03317872036550151,True
34,SAT-3,178.8869396580646,0.006465479916434192,0.014747282678381627,True
35,SAT-1,237.26681496292514,0.0038534714614648397,0.014838046228266928,True
35,SAT-2,479.31815324878806,0.007051395587900403,0.02924205083089985,True
35,SAT-3,903.675832160768,0.005694260857220849,0.047531104938737884,True
36,SAT-1,197.81353464131865,0.011427697338187088,0.020585731349359246,True
36,SAT-2,335.15847390433584,0.008302573147387565,0.023819169161477187,True
36,SAT-3,534.866150252642,0.009004055288064175,0.033766377059019824,True
37,SAT-1,198.87395783700745,0.011030862075925865,0.020237989753565097,True
37,SAT-2,470.23681484483626,0.013817221906648938,0.0355874448161321,True
37,SAT-3,571.0636175491401,0.006363260562871019,0.032801391004960836,True
38,SAT-1,669.1258778916949,0.010964643278067529,0.04194269318046081,True
38,SAT-2,286.9309000000779,0.01159258988984313,0.024876427852809697,True
38,SAT-3,253.09697488257441,0.0036817251445581474,0.015399177685418073,True
39,SAT-1,441.01960579187744,0.013579208718863176,0.03399678306107973,True
39,SAT-2,292.44032283727887,0.010138030496421245,0.02367693433148045,True
39,SAT-3,567.2714340547914,0.00337590792687224,0.029638474318297765,True
40,SAT-1,730.4221854570827,0.006291964158956543,0.04010780607826593,True
40,SAT-2,432.2550892959003,0.003998508642733664,0.024010318332358675,True
40,SAT-3,442.25420856633934,0.008317161373609,0.028791893251680266,True
41,SAT-1,571.779277562629,0.004059557243064857,0.03053082009318657,True
41,SAT-2,551.6906793882678,0.009772063330846575,0.03531329848771082,True
41,SAT-3,284.77952793519233,0.005218752405773213,0.018402989810180265,True
42,SAT-1,402.4822968942916,0.012934267670408907,0.031567707341440925,True
42,SAT-2,261.20182673564966,0.019490553886825746,0.03158323105051323,True
42,SAT-3,368.2424881532456,0.004302163673899841,0.021350427014327877,True
43,SAT-1,368.8726563557645,0.00851334628908306,0.025590784083331417,True
43,SAT-2,154.57291171421625,0.0063820250178286,0.013538178337931205,True
43,SAT-3,285.1815100299407,0.009237248900875251,0.022440096587446577,True
44,SAT-1,406.585794399578,0.010824171107233943,0.029647587514621813,True
44,SAT-2,276.4038546002507,0.004679060951696735,0.01747553570170834,True
44,SAT-3,540.366448933021,0.008859775032096184,0.03387674026047679,True
45,SAT-1,318.158476724088,0.014183480983052547,0.028913040090649215,True
45,SAT-2,290.69941302145224,0.005434347283833574,0.01889265344223414,True
45,SAT-3,362.5871539718718,0.007044296953058499,0.023830739266571085,True
46,SAT-1,500.4754296167288,0.007118547319121882,0.030288706097674138,True
46,SAT-2,374.6404554502089,0.003952844773197908,0.021297310303300173,True
46,SAT-3,497.9040204804707,0.015100816617635559,0.03815192867691661,True
47,SAT-1,596.7193887198666,0.01023076284822752,0.03785666047414727,True
47,SAT-2,382.45512015651695,0.009241424324901248,0.026947679887702962,True
47,SAT-3,791.6433619891919,0.01856296631022106,0.05521312195786883,True
48,SAT-1,209.3491485379376,0.006608972653671462,0.016301062863761165,True
48,SAT-2,435.04953642539857,0.006892735710555408,0.02703391795247201,True
48,SAT-3,458.42258546655063,0.007245576287479831,0.02846884413315347,True
49,SAT-1,520.7603499474014,0.012424423965190352,0.0365336994257182,True
49,SAT-2,550.1057630752387,0.011931667017506992,0.03739952641913841,True
49,SAT-3,485.6198824551315,0.007868971503556756,0.0303513734690721,True
50,SAT-1,280.47772425177027,0.009922807150824504,0.02290788697729535,True
50,SAT-2,509.7442429194369,0.006434334514052563,0.03003360501958205,True
50,SAT-3,481.8612112197781,0.01326354166225498,0.035571931070578044,True
51,SAT-1,292.495401884114,0.011192844749994177,0.024734298540925383,True
51,SAT-2,235.5278421671791,0.007250424308973852,0.018154491075972883,True
51,SAT-3,837.1093380695462,0.006683541603306295,0.04543860355097047,True
52,SAT-1,159.45525448905198,0.006080713335017629,0.01346290104284411,True
52,SAT-2,412.92869806353895,0.011724909664675738,0.03084197901946921,True
52,SAT-3,316.92477859931006,0.004399234380331103,0.019071677834002865,True
53,SAT-1,372.81281302593624,0.007576511892518113,0.02483636434742257,True
53,SAT-2,253.62349722162978,0.010594046119288178,0.022335874694363628,True
53,SAT-3,627.325133912332,0.004659245555598464,0.03370207582931754,True
54,SAT-1,270.2050369476978,0.003232242770825247,0.015741735222107554,True
54,SAT-2,427.27547086179567,0.007617675292446879,0.027398947091604085,True
54,SAT-3,180.73080911250239,0.014937167692031935,0.023304334780573713,True
55,SAT-1,499.81862023445547,0.002539021941893613,0.02567877287867396,True
55,SAT-2,338.5112668323407,0.00903350354930146,0.02470532145820612,True
55,SAT-3,303.9886901938544,0.015203562781128048,0.02927711325306575,True
56,SAT-1,675.9623228789022,0.008620014428301207,0.03991456641343557,True
56,SAT-2,522.0082818384692,0.009687217915828607,0.03385426800094292,True
56,SAT-3,493.59732177878504,0.013718406722537668,0.0365701345826666,True
57,SAT-1,646.0974353129045,0.003115739063603231,0.03302765736512659,True
57,SAT-2,642.5055329120247,0.010134585940673208,0.039880212464378055,True
57,SAT-3,204.9512599141415,0.01133869993792513,0.02082718419320946,True
58,SAT-1,684.2371029314705,0.008157132470904157,0.0398347761251389,True
58,SAT-2,609.0973506817633,0.006939595799024547,0.03513854721947655,True
58,SAT-3,695.0654491423181,0.007113532227308522,0.03929248820611955,True
59,SAT-1,188.81964830197194,0.008485625243654763,0.017227275628005315,True
59,SAT-2,542.3301415914692,0.012251973147079424,0.037359850072610404,True
59,SAT-3,180.77673527130924,0.0075351562070838035,0.015904449506681455,True
60,SAT-1,234.35617522726116,0.013925242546258345,0.02477506547344636,True
60,SAT-2,414.3676759133567,0.004625085956445258,0.023808774656137698,True
60,SAT-3,364.76709156387983,0.006919457919258605,0.023806823269438226,True
61,SAT-1,568.6875105711895,0.009487793710186463,0.035815919199593385,True
61,SAT-2,304.59466793570175,0.011973334882119414,0.026074939879142646,True
61,SAT-3,295.07523144008354,0.009785655720083362,0.023446546064531674,True
62,SAT-1,221.3934292333478,0.005467841414733516,0.01571753721257369,True
62,SAT-2,442.9609449950692,0.00815822044021066,0.02866567159738979,True
62,SAT-3,448.6883782636073,0.004350539667387102,0.025123149772183734,True
63,SAT-1,189.05475346576458,0.0064252778758403335,0.015177812758514618,True
63,SAT-2,295.945577638242,0.0053895116822933855,0.019090695832212,True
63,SAT-3,195.95180312683547,0.00589776869989767,0.014969611437251163,True
64,SAT-1,414.50695633946106,0.0026262820036151813,0.021816418871182824,True
64,SAT-2,284.9222008006992,0.010327111078826296,0.023517953708488297,True
64,SAT-3,581.4661227759731,0.008899165456615793,0.035818893362910845,True
65,SAT-1,196.57543863509628,0.00783951622592141,0.01694023097754624,True
65,SAT-2,306.4104828056515,0.0026079247362413185,0.01679359523650296,True
65,SAT-3,427.3891016199712,0.004251807672560302,0.024038340154966375,True
66,SAT-1,484.1117578661889,0.005459626867254249,0.02787220824994818,True
66,SAT-2,139.1266971539698,0.011748260931417865,0.01818931172558313,True
66,SAT-3,373.44927498522736,0.0031959038899629115,0.020485222176316032,True
67,SAT-1,334.86512122686935,0.0012099056946315975,0.016712920566245917,True
67,SAT-2,879.4790998156374,0.0015762246738039482,0.042292849665268646,True
67,SAT-3,493.02492933526844,0.012039993945262149,0.034865222155228276,True
68,SAT-1,205.81942607306277,0.007737535788070131,0.017266212921082297,True
68,SAT-2,400.1713477185852,0.005592553184756033,0.024119004468023866,True
68,SAT-3,345.49879186820084,0.006272283918443303,0.022267598356785937,True
69,SAT-1,398.79961785261423,0.004399806002032812,0.022862751272987175,True
69,SAT-2,389.03259895879734,0.003741354874005547,0.021752123344320237,True
69,SAT-3,271.9205569036924,0.0075318772698484415,0.020120791941315684,True
70,SAT-1,282.2039701614084,0.009390639988527162,0.022455638607110882,True
70,SAT-2,159.9193886928546,0.005178419270225883,0.012582094672672855,True
70,SAT-3,198.45940321114253,0.0058881829831072315,0.015076118316956422,True
71,SAT-1,345.3677415609848,0.008196969975256386,0.024186217269746423,True
71,SAT-2,949.3759097607086,0.00982726568818085,0.05377985410302848,True
71,SAT-3,440.5408414970138,0.01011723461225525,0.0305126439408207,True
72,SAT-1,338.16373975266356,0.005050207696977178,0.02070593638923012,True
72,SAT-2,512.5943551862275,0.009866043458169571,0.033597263605680106,True
72,SAT-3,138.9446042492726,0.007999928084693563,0.014432548651789516,True
73,SAT-1,454.8777863408499,0.003961181350400579,0.025020338125439925,True
73,SAT-2,493.64064294437077,0.013237182171142767,0.03609091564078956,True
73,SAT-3,239.9711966883739,0.015292887191563935,0.02640266481602569,True
74,SAT-1,404.7616355292505,0.0026664155317836845,0.021405380139619356,True
74,SAT-2,584.0208576968008,0.003115698941246246,0.030153701612394432,True
74,SAT-3,209.53835556964825,0.0039720340120231465,0.013672883806914268,True
75,SAT-1,479.62902217255635,0.017106312740818835,0.039311360063622375,True
75,SAT-2,166.8639216071246,0.012188250036985288,0.019913431592870685,True
75,SAT-3,205.7872704625621,0.006298230611241442,0.01582541905858228,True
76,SAT-1,62.47361215777418,0.0058816761579221005,0.008773973017078312,True
76,SAT-2,201.21388887370185,0.00410435230472487,0.013419810122951806,True
76,SAT-3,633.5076255233383,0.007922903782460631,0.03725196051965222,True
77,SAT-1,743.2461525143696,0.0075772086323681485,0.04198675273025562,True
77,SAT-2,402.7351320240013,0.007743163227053889,0.026388308228165062,True
77,SAT-3,704.1928456342594,0.012391440488295349,0.044992961119511066,True
78,SAT-1,364.91065103740925,0.005805168381378955,0.022699180003481235,True
78,SAT-2,483.23518641722956,0.010802647381262272,0.03317464675243031,True
78,SAT-3,117.23805504239758,0.0074938712943460346,0.012921559027790366,True
79,SAT-1,922.9454118883666,0.0071863464986528704,0.04991530075274392,True
79,SAT-2,511.5414970753611,0.008674966879323237,0.03235744359577514,True
79,SAT-3,375.47099396274905,0.013867866348266672,0.031250782735430985,True
80,SAT-1,687.8249332235107,0.008457911762306303,0.04030165867080217,True
80,SAT-2,297.5553299385661,0.0038697544576155353,0.017645464176993596,True
80,SAT-3,422.7948606813218,0.01057670707852797,0.030150543221181755,True
81,SAT-1,534.1263751798206,0.009411915283607058,0.03413998820859875,True
81,SAT-2,368.2758273199825,0.007227117995499341,0.024276924815868902,True
81,SAT-3,362.36051402128464,0.0017101435755732827,0.01848609329878091,True
82,SAT-1,341.89473878346405,0.006936965548853809,0.022765425677717884,True
82,SAT-2,416.18777426604055,0.005745292534084583,0.025013245046401275,True
82,SAT-3,673.4424792559139,0.012710120687751418,0.04388801324589558,True
83,SAT-1,582.5890219734704,0.005879739534018588,0.03285145351427185,True
83,SAT-2,120.09513695591556,0.009097615516470491,0.014657575560725842,True
83,SAT-3,334.74018401811793,0.012165088375396774,0.02766231911697631,True
84,SAT-1,308.68419028828345,0.008128963712882926,0.022419898448451603,True
84,SAT-2,301.1259503722638,0.0049600344944101225,0.018901050715348262,True
84,SAT-3,467.8387250411452,0.010890751537059306,0.03254995177044566,True
85,SAT-1,397.6606165712119,0.0010802043917427805,0.019490418121891482,True
85,SAT-2,239.08010799415197,0.0050107977166607975,0.016079321234908572,True
85,SAT-3,506.50573834127067,0.007819874942836182,0.03126921468085797,True
86,SAT-1,293.3750366939391,0.00574671611565024,0.01932889374036964,True
86,SAT-2,753.691887421663,0.007835213599405824,0.042728356535593925,True
86,SAT-3,289.1357028415918,0.006988458894771137,0.02037437106336335,True
87,SAT-1,388.21165010708876,0.006320089514486558,0.024292851093518444,True
87,SAT-2,365.69671895146405,0.00970723397634166,0.026637637631502033,True
87,SAT-3,331.355650422815,0.0020280821286610775,0.017368621500087698,True
88,SAT-1,339.3265264280925,0.01169832503858973,0.02740788644729772,True
88,SAT-2,336.2617228924305,0.007627726591386585,0.023195398947517626,True
88,SAT-3,408.25086680300393,0.0033937139772542827,0.02229421706998595,True
89,SAT-1,559.3396957115722,0.003976706000837352,0.029872062283780507,True
89,SAT-2,381.81893000601485,0.007947587838483752,0.02562439015357703,True
89,SAT-3,647.3397919520304,0.016364884322839897,0.0463343191354339,True
90,SAT-1,463.56660588744614,0.0077955072862584225,0.029256924225492042,True
90,SAT-2,355.1477216117685,0.006689639166337562,0.023131663315030547,True
90,SAT-3,517.1809019181936,0.007930152322813135,0.03187371259680358,True
91,SAT-1,202.71701940229786,0.00692750292710915,0.016312550121659976,True
91,SAT-2,278.0708535744564,0.00889119680325888,0.021764847431705935,True
91,SAT-3,217.09887564220463,0.011445415595947668,0.021496289468271958,True
92,SAT-1,312.1388325064712,0.018977782306960702,0.03342865418226029,True
92,SAT-2,148.34533103438727,0.007906508765683131,0.014774348165423282,True
92,SAT-3,345.7532255226272,0.007900099432573393,0.023907193206769095,True
93,SAT-1,756.1500072993307,0.00468507615718927,0.03969202093956569,True
93,SAT-2,340.59383350235186,0.006986118830999611,0.022754351863515904,True
93,SAT-3,317.54288392556253,0.00478287166268896,0.019483931103687225,True
94,SAT-1,417.6297335909266,0.003915942724005603,0.02325065261247443,True
94,SAT-2,222.99394724872548,0.00609383709429005,0.01641763094839771,True
94,SAT-3,229.392265105971,0.0057824703289161335,0.016402482602340715,True
95,SAT-1,312.44124772462703,0.002719434839540184,0.01718430741938403,True
95,SAT-2,316.07590756982415,0.002426835312174689,0.01705997918114803,True
95,SAT-3,390.7082564693863,0.005291603768396601,0.023379948975312634,True
96,SAT-1,369.27660661819436,0.012836803540025527,0.0299329427353123,True
96,SAT-2,622.6682511852381,0.006032056691776675,0.03485929054294511,True
96,SAT-3,552.7596959812563,0.00469182502790311,0.030282551693702014,True
97,SAT-1,398.86559192339695,0.010384154591534174,0.028850154217617364,True
97,SAT-2,620.007670427168,0.010786062720447855,0.03949012153652045,True
97,SAT-3,524.7227221979629,0.007846497059151754,0.03213921567942781,True
98,SAT-1,475.8637933650304,0.007144315673248544,0.029175046847555508,True
98,SAT-2,566.4607801086271,0.01104265801789963,0.03726769413403977,True
98,SAT-3,121.36348634441106,0.008638637104266355,0.014257317027618718,True
99,SAT-1,536.3223674245606,0.00856450217306874,0.03339424140568729,True
99,SAT-2,353.6204980341216,0.0063702325845710435,0.0227415519380026,True
99,SAT-3,399.17256535713926,0.010332755070081846,0.028812966429208664,True
100,SAT-1,315.338606726759,0.0062250003797012805,0.020824009950384567,True
100,SAT-2,274.06292609421916,0.003970403538878848,0.016658501969166774,True
100,SAT-3,297.20453795764575,0.00863006699120348,0.022389536341094488,True
101,SAT-1,149.11092554070407,0.0036869451448787614,0.010590228734726172,True
101,SAT-2,377.21628558258146,0.01025283662202127,0.027716553547140782,True
101,SAT-3,295.6581298300427,0.009062928691574258,0.022750805072594752,True
102,SAT-1,741.5495890453726,0.00813298376515673,0.04246398325799805,True
102,SAT-2,390.35354914760825,0.010174600789193787,0.028246524360842316,True
102,SAT-3,126.06890478267914,0.00447147308046281,0.01030799645003129,True
103,SAT-1,273.4877578233846,0.005939644050870028,0.018601114320471165,True
103,SAT-2,285.45283548803434,0.005162504444127884,0.018377913494499847,True
103,SAT-3,265.2093962168726,0.01015577709901117,0.022433989886829347,True
104,SAT-1,241.4892701146261,0.008684735414076637,0.019864794215679694,True
104,SAT-2,470.7419017550659,0.013540347784389123,0.03533395434712366,True
104,SAT-3,260.0790955086126,0.0049703140649232595,0.017011012931062733,True
105,SAT-1,456.90528168572524,0.011010089628565487,0.03216311192883054,True
105,SAT-2,346.655209202336,0.009302041105203931,0.025350893383089858,True
105,SAT-3,460.6194834705615,0.006001800973116557,0.027326777059716627,True
106,SAT-1,379.68306393113517,0.01149321000545205,0.02907112963189349,True
106,SAT-2,163.42536107532385,0.006949872117184808,0.01451586105585721,True
106,SAT-3,426.770341331559,0.006149947562677054,0.025907833735434413,True
107,SAT-1,539.3225641162703,0.008585049429513858,0.03355368665711896,True
107,SAT-2,510.132487265366,0.004008862265393571,0.027626107046197553,True
107,SAT-3,453.71044651962404,0.014538134460210236,0.035543247725007644,True
108,SAT-1,677.8226601001573,0.007473150041333483,0.0388538287496741,True
108,SAT-2,368.019514082668,0.008683549177866763,0.025721489644656953,True
108,SAT-3,168.86904658985785,0.00659352305643652,0.01441153447263364,True
109,SAT-1,464.37349926072034,0.0025180710550431924,0.02401684416896543,True
109,SAT-2,429.71430523195784,0.006633153767405981,0.026527334565181807,True
109,SAT-3,696.1769438420604,0.012725329342432276,0.04495574340919433,True
110,SAT-1,347.19050562376685,0.004657487200032889,0.020731121719651725,True
110,SAT-2,420.8849555700117,0.009151892184881908,0.028637306794604675,True
110,SAT-3,297.5560710525012,0.005572641993520013,0.0193483860237284,True
111,SAT-1,656.6047010804933,0.011567751202674914,0.041966116993438496,True
111,SAT-2,231.29158734785065,0.014490300433370327,0.025198244292067115,True
111,SAT-3,311.0724432455157,0.002930368937379566,0.017331870939486772,True
112,SAT-1,611.400635381153,0.01061522718065344,0.03892081215200312,True
112,SAT-2,207.42021683013328,0.012067713953334083,0.021670501769543958,True
112,SAT-3,371.1604744086696,0.009416821664399035,0.026600176961096702,True
113,SAT-1,367.94130397771613,0.009216085291775273,0.02625040492037324,True
113,SAT-2,507.72675989019564,0.009467761705528816,0.0329736302189638,True
113,SAT-3,215.4471498768327,0.002171821227159777,0.012146226314050181,True
114,SAT-1,238.4337505003858,0.001991605403605131,0.013030204963808177,True
114,SAT-2,381.6850210695969,0.005006371592207331,0.022676974419503487,True
114,SAT-3,69.24354273948978,0.004279630053704721,0.007485349624977396,True
115,SAT-1,566.9255774735126,0.011876571797866725,0.038123126310529346,True
115,SAT-2,296.157160688453,0.011974092457257935,0.02568507211876039,True
115,SAT-3,240.80182802787286,0.00726563537758455,0.01841386815665274,True
116,SAT-1,681.4815219242637,0.008616652868627167,0.04016672332808382,True
116,SAT-2,308.2447812263949,0.011738941256860346,0.026009532980304555,True
116,SAT-3,416.5238098442875,0.012292181693162218,0.031575691408175524,True
117,SAT-1,341.4940258983072,0.01153451131492291,0.027344419921326024,True
117,SAT-2,281.33457414425425,0.0068623352512715355,0.01988708405424627,True
117,SAT-3,770.9299780249847,0.00386459809651277,0.03955580078285465,True
118,SAT-1,239.90095895645416,0.00949005665876008,0.020596582536373698,True
118,SAT-2,519.6504884168314,0.012147338645205872,0.03620523162746658,True
118,SAT-3,221.9589766683955,0.00662926763191267,0.016905146181375424,True
119,SAT-1,498.4011237047375,0.007015979525048968,0.030090105622490516,True
119,SAT-2,347.37511884012014,0.00768071264991725,0.023762894077700592,True
119,SAT-3,422.2291646492943,0.009540650162883938,0.02908829667442534,True
120,SAT-1,451.37996753039255,0.01289687652415081,0.03379409724315047,True
120,SAT-2,348.7142229711557,0.007485959512411289,0.023630136501816647,True
120,SAT-3,586.6314992492265,0.006381942033068258,0.033540807739050965,True
121,SAT-1,691.3332901165506,0.007806966417758676,0.03981313725648787,True
121,SAT-2,331.9438308469378,0.011716837418798785,0.027084607365416274,True
121,SAT-3,518.8976985583042,0.010886567392011322,0.034909608991932815,True
122,SAT-1,616.4861703175299,0.006093183342894344,0.03463420974648369,True
122,SAT-2,397.5121738472547,0.006459943511435094,0.024863284893252444,True
122,SAT-3,329.27587676020613,0.0017391367341573786,0.016983390287870624,True
123,SAT-1,539.6790970442019,0.0032812499340695396,0.028266393315745552,True
123,SAT-2,694.2563599585471,0.0023603969510577836,0.034501895097286815,True
123,SAT-3,335.46935477463006,0.005170665254865602,0.020701653901839215,True
124,SAT-1,639.1340078859346,0.009578157802932417,0.03916769520505902,True
124,SAT-2,612.3867916351842,0.004709909326790419,0.03306114968027117,True
124,SAT-3,443.7426958444753,0.005019680005975058,0.025563323332108173,True
125,SAT-1,174.67884368185358,0.007400333956029779,0.015487317459819298,True
125,SAT-2,394.7907551423742,0.006826439956081686,0.025103789731191605,True
125,SAT-3,733.8194691990708,0.007199573740829513,0.04117269731486056,True
126,SAT-1,458.922378929843,0.004931486235028496,0.02617789266696567,True
126,SAT-2,502.47076197373366,0.012229246749398421,0.035491782025960164,True
126,SAT-3,101.69351641126622,0.005526694391058286,0.010234727558246537,True
127,SAT-1,807.9065581971993,0.010727441880835546,0.04813052327885403,True
127,SAT-2,453.8578550913465,0.006985474471568841,0.02799741220727933,True
127,SAT-3,317.79885551731667,0.010039687705390378,0.024752597683043928,True
128,SAT-1,457.52523713028825,0.00770144725780683,0.02888317119902388,True
128,SAT-2,673.349795736086,0.00759294627244777,0.0387665479268962,True
128,SAT-3,270.88145408195953,0.002615157418640798,0.015155965477990776,True
129,SAT-1,265.52220287083287,0.006278568925322369,0.018571263502675742,True
129,SAT-2,382.72474546124755,0.007515756183595601,0.025234494399394097,True
129,SAT-3,424.7935276658107,0.005064168621865606,0.024730535643430914,True
130,SAT-1,549.2058639818085,0.008010264357194052,0.033436461763759265,True
130,SAT-2,299.5459280201032,0.009134626297610884,0.023002493335578626,True
130,SAT-3,370.5041318345297,0.009404301496098574,0.026557270562511982,True
131,SAT-1,647.6129583896727,0.012598902413001788,0.042580983819931084,True
131,SAT-2,130.15608769381748,0.004481150375823921,0.01050689517646362,True
131,SAT-3,534.931350153705,0.007571558563968485,0.03233689884886223,True
132,SAT-1,279.16591363152094,0.008981583465439187,0.021905931318750342,True
132,SAT-2,765.2728481084671,0.014567065196335362,0.0499963637198755,True
132,SAT-3,361.7713114633155,0.014291887624753464,0.03104055945175881,True
133,SAT-1,301.7708709545295,0.0067109229717309355,0.02068179662703323,True
133,SAT-2,442.2821178449057,0.004477187183956855,0.024953211158258045,True
133,SAT-3,249.3309953272404,0.008886174737232733,0.020429276372753123,True
134,SAT-1,289.7844695847115,0.014850977663617296,0.02826692532957616,True
134,SAT-2,296.4633236929277,0.009617481991159405,0.023342635865831983,True
134,SAT-3,516.8562730589813,0.011583786896526505,0.03551231805666453,True
135,SAT-1,495.82980476589796,0.005252362228543191,0.02820744578251995,True
135,SAT-2,438.762714272705,0.007728867311229972,0.028041955934966317,True
135,SAT-3,501.1737999599605,0.005385451461516015,0.028587942200403074,True
136,SAT-1,104.07418127986547,0.012168558508752486,0.01698680764207959,True
136,SAT-2,423.0452674690504,0.011842427641476371,0.031427856690969445,True
136,SAT-3,831.3285079232837,0.013242209592782102,0.051729640515156355,True
137,SAT-1,132.00872519949579,0.010046219513844245,0.016157734569376456,True
137,SAT-2,486.51965732292246,0.0032088132382291157,0.02573287144762367,True
137,SAT-3,377.28082087932404,0.009107302927278073,0.026574007597617147,True
138,SAT-1,582.1288455478774,0.0052277931209479475,0.032178202637053385,True
138,SAT-2,623.1204289979572,0.014049171417643386,0.042897339426808075,True
138,SAT-3,618.7044623264478,0.009380434027114123,0.03802415913482004,True
139,SAT-1,170.69356313719945,0.004083820591033771,0.011986300365904116,True
139,SAT-2,634.0193864015256,0.004825464098088084,0.03417821346852908,True
139,SAT-3,373.3522616444378,0.006898275133175556,0.024183102061158788,True
140,SAT-1,436.8803134051517,0.006594637319585385,0.026820577755009074,True
140,SAT-2,235.5396532461072,0.013256796550807672,0.024161410127016336,True
140,SAT-3,226.29757996074292,0.004439320876715312,0.01491606068971267,True
141,SAT-1,490.01401104656986,0.00654797686843496,0.029233810713183563,True
141,SAT-2,399.9340232554172,0.003318439764794498,0.021833903804397144,True
141,SAT-3,256.84494223710857,0.018161323275992368,0.030052292824006656,True
142,SAT-1,163.68917353757877,0.003068528862962296,0.010646731341553906,True
142,SAT-2,238.64728541553208,0.003540970313236612,0.014589455749140876,True
142,SAT-3,522.48114100486,0.011508210132030914,0.03569715184521888,True
143,SAT-1,551.3226330797195,0.008937264678519165,0.034461460654432105,True
143,SAT-2,155.38034858230367,0.0019363538618136413,0.009129888518401774,True
143,SAT-3,266.21707423525226,0.011797138210012095,0.02412200275794044,True
144,SAT-1,507.65278385473954,0.006685056361404724,0.030187500058383405,True
144,SAT-2,269.86181086084684,0.009015952495506288,0.021509554850175125,True
144,SAT-3,377.2694852344649,0.007424088000688294,0.024890267872654262,True
145,SAT-1,592.9236413669788,0.006929946669198319,0.034380115251002895,True
145,SAT-2,402.2762349828221,0.006760081243341327,0.025383981011064573,True
145,SAT-3,483.88500809367235,0.006667151761965102,0.029069235470005488,True
146,SAT-1,343.84730959059635,0.006369334514744747,0.02228819144023532,True
146,SAT-2,200.2285393385264,0.004349189333930945,0.013619029118121982,True
146,SAT-3,301.4970932334331,0.01384314434021532,0.027801343101022405,True
147,SAT-1,462.12157310607506,0.006606481226979273,0.028000998500408675,True
147,SAT-2,347.39944633226713,0.0036546140408570287,0.01973792174142495,True
147,SAT-3,424.9080749465229,0.012707598328460972,0.03237926846487407,True
148,SAT-1,559.6666687112723,0.008309122726948318,0.03421961664876648,True
148,SAT-2,188.03646477890538,0.007754541670532855,0.01645993355844514,True
148,SAT-3,273.2570790078867,0.008627707938878362,0.021278498633687932,True
149,SAT-1,385.36960130685486,0.007875807500077386,0.02571699274576511,True
149,SAT-2,467.28346137343414,0.013422868404426691,0.03505636198653012,True
149,SAT-3,450.0422667644675,0.005840467004506534,0.026675757132491144,True
150,SAT-1,647.4581053444592,0.006308584093118669,0.03628349637758437,True
150,SAT-2,294.1126258846442,0.001141281383390628,0.01475760665582786,True
150,SAT-3,673.3834743694762,0.01017523920747509,0.0413504000579138,True
151,SAT-1,408.88150639786863,0.005559221534698455,0.02448892090497015,True
151,SAT-2,758.0936928940852,0.011578879236745117,0.046675809463323135,True
151,SAT-3,262.00598890857776,0.01644900189288853,0.028578908786804164,True
152,SAT-1,462.37230086687816,0.010010407877861501,0.03141653291799475,True
152,SAT-2,595.9355827324673,0.011303985445198766,0.03889359575688707,True
152,SAT-3,683.5144994049818,0.009049154274380059,0.040693344061647735,True
153,SAT-1,371.19604877421807,0.010161440207584641,0.02734644246565029,True
153,SAT-2,275.9821664067651,0.006236573387521838,0.019013525535983185,True
153,SAT-3,481.434793732316,0.018244456327505855,0.04053310418548345,True
154,SAT-1,550.3167630660088,0.006142969436412658,0.03162059735613529,True
154,SAT-2,630.4778501291221,0.0079944466877435,0.03718323604557323,True
154,SAT-3,530.6244854726854,0.007594541786500239,0.03216049018801345,True
155,SAT-1,73.80288515193851,0.007316843268529149,0.01073364350704482,True
155,SAT-2,338.14392036222836,0.007163448565823135,0.022818259693704077,True
155,SAT-3,327.1915585414584,0.003209750013321206,0.018357507353203538,True
156,SAT-1,296.8593411961576,0.007492598365108011,0.02123608638344864,True
156,SAT-2,655.2371850801877,0.004030437439918183,0.03436549230474169,True
156,SAT-3,273.06518219127264,0.006059524942416683,0.018701431525345973,True
157,SAT-1,190.93573775255533,0.005682097925846115,0.014521715414390342,True
157,SAT-2,601.6822576179817,0.006000597265498819,0.03385625734040538,True
157,SAT-3,102.20308404994388,0.01317065235995984,0.017902276621531314,True
158,SAT-1,280.6619804300626,0.00847275778956659,0.021466367994662082,True
158,SAT-2,426.14817276020773,0.007762980716479898,0.02749206278871174,True
158,SAT-3,388.0914886512904,0.012920448119921255,0.030887646668592107,True
159,SAT-1,937.6072674084913,0.012356047796080108,0.055763791657584334,True
159,SAT-2,291.25365780122587,0.007307427360277921,0.020791392999223564,True
159,SAT-3,455.7395764219339,0.012712032063637895,0.033811086527616316,True
160,SAT-1,349.2793617706926,0.00886909304126456,0.02503943386398181,True
160,SAT-2,378.52181245904035,0.009179899018694017,0.026704057002908847,True
160,SAT-3,631.34732817961,0.011316418280535251,0.04054546125181349,True
161,SAT-1,555.7727151552283,0.006850847442833986,0.03258106573705752,True
161,SAT-2,165.7323304277116,0.007522538984189172,0.01519533205954619,True
161,SAT-3,413.47853604224446,0.006179985867502946,0.025322510684273523,True
162,SAT-1,401.2790257970281,0.011300451766358138,0.029878184442146474,True
162,SAT-2,488.97635058393683,0.0070784436864202525,0.029716237694935844,True
162,SAT-3,646.2490461177963,0.008389112274121825,0.03830804959439017,True
163,SAT-1,271.50878062350785,0.009104444348099849,0.02167429530289188,True
163,SAT-2,363.0631929082033,0.0043933899710612125,0.02120187112421877,True
163,SAT-3,659.8452045655274,0.007949541739313172,0.038497930839569074,True
164,SAT-1,462.321708988595,0.01070220363272394,0.032105986456270004,True
164,SAT-2,278.3824305171044,0.01351557153863654,0.026403647025539524,True
164,SAT-3,406.3260631651343,0.004577657657830333,0.023389049471030997,True
165,SAT-1,199.6280982287953,0.008147685704296293,0.017389727288962743,True
165,SAT-2,316.9631244692695,0.01150211869589201,0.026176337421321152,True
165,SAT-3,466.0410863725146,0.009182988915143022,0.030758965136092768,True
166,SAT-1,204.8212736744652,0.002274015874009697,0.01175648224782753,True
166,SAT-2,563.4888054497264,0.001686330713328474,0.027773775410075068,True
166,SAT-3,193.24544539723288,0.007649995867156426,0.01659654426517647,True
167,SAT-1,252.33559757599207,0.01301932837370595,0.024701531965187064,True
167,SAT-2,223.52769639321704,0.006357173975498622,0.01670567843814756,True
167,SAT-3,112.58414554901618,0.008818483070611432,0.014030712031214032,True
168,SAT-1,468.5089383058802,0.006422573702766471,0.028112802328038703,True
168,SAT-2,775.5994789748852,0.012837391130311668,0.04874477441618598,True
168,SAT-3,460.616591234221,0.010310548813919072,0.031635391000688566,True
169,SAT-1,464.11559261257344,0.0054949665610353375,0.02698179955235818,True
169,SAT-2,429.79610854424055,0.008736220727536659,0.028634188715695945,True
169,SAT-3,337.4036099121779,0.011719126273131587,0.02733966376906575,True
170,SAT-1,499.54616865122233,0.0055499564039837605,0.028677093841540352,True
170,SAT-2,570.8284179043666,0.007964456662184852,0.034391698231831455,True
170,SAT-3,680.2532757119745,0.00781988334143558,0.03931309055032329,True
171,SAT-1,364.0740485275006,0.004355727270634253,0.02121100729505558,True
171,SAT-2,310.5515835599937,0.01297430747986184,0.027351695607639323,True
171,SAT-3,200.48570014125346,0.01197341201178326,0.021255157388693144,True
172,SAT-1,401.4326448748555,0.0045738195202143445,0.023158664190346543,True
172,SAT-2,154.7250179412669,0.010239570770619526,0.01740276604567818,True
172,SAT-3,508.7028384584639,0.0071994626729160694,0.030750520008956065,True
173,SAT-1,361.8843013472445,0.008909786187991769,0.02566368902814198,True
173,SAT-2,217.44551490486563,0.016338328431731962,0.026405250418068335,True
173,SAT-3,583.6232165464698,0.006433317093751681,0.03345291045238455,True
174,SAT-1,757.0996932263744,0.01234239728436302,0.04739330900780628,True
174,SAT-2,389.1487869234834,0.0053776940662755195,0.023393841609029378,True
174,SAT-3,452.77475044279953,0.006299518436743597,0.027261312438725056,True
175,SAT-1,578.6577565344473,0.006679941652218062,0.033469652602886917,True
175,SAT-2,280.38853490511747,0.004938898570970277,0.01791984926102201,True
175,SAT-3,693.3391223554099,0.00685012369083508,0.03894915713321517,True
176,SAT-1,698.2192159706088,0.007754901957819793,0.04007986566016279,True
176,SAT-2,400.99328836788027,0.001837007679433744,0.02040151177053931,True
176,SAT-3,623.1485888746555,0.012551750543132012,0.04140122225029199,True
177,SAT-1,231.98977479100014,0.0022674527678625102,0.0130077201192977,True
177,SAT-2,472.0260375844638,0.004034439073461444,0.02588749636903847,True
177,SAT-3,403.8630086101778,0.007183473739513328,0.025880835249243783,True
178,SAT-1,483.3449532960987,0.009442686488216208,0.031819767659331887,True
178,SAT-2,388.87421105906554,0.006355474018747856,0.02435890971592682,True
178,SAT-3,293.02944457643576,0.00427365162082848,0.017839829610478284,True
179,SAT-1,715.3234620687286,0.0075612940657845615,0.04067812101341089,True
179,SAT-2,294.1907216659036,0.01117422146395061,0.024794162281816516,True
179,SAT-3,177.9961447972938,0.005081247442974789,0.01332180970210876,True
180,SAT-1,398.9328271991672,0.006739533994485871,0.025208646364817688,True
180,SAT-2,301.5812943793644,0.0057701367363600115,0.019732233698367622,True
180,SAT-3,534.7844203077391,0.00838767974305895,0.03314621772026909,True
181,SAT-1,689.9822023319537,0.006620661692498693,0.038564282170829876,True
181,SAT-2,124.1104764437033,0.007640402340235576,0.013386257731147766,True
181,SAT-3,612.3496491204083,0.01164860775283143,0.03999812854544293,True
182,SAT-1,700.0816684310704,0.004880780088952764,0.037291968442243056,True
182,SAT-2,615.7160700017346,0.0029395020404436112,0.03144487565163503,True
182,SAT-3,270.01191941554833,0.008516812284679381,0.021017364109473285,True
183,SAT-1,477.80591148472735,0.003438490686961997,0.025559134737180855,True
183,SAT-2,352.99590611387447,0.001510826589975409,0.01785322965080293,True
183,SAT-3,494.63889933463514,0.0066449134398616225,0.029544862483131765,True
184,SAT-1,242.57006329519254,0.006863157607056973,0.018093253129982553,True
184,SAT-2,190.06736785470224,0.0066624362373223335,0.01546185141578077,True
184,SAT-3,220.82768353212626,0.0035291990988126276,0.013752702966040694,True
185,SAT-1,242.38878521395122,0.006583045327852541,0.017804748347016952,True
185,SAT-2,506.2659776273257,0.01309827816144451,0.03653651786641329,True
185,SAT-3,814.6509961559562,0.005515292982179446,0.04323061687828853,True
186,SAT-1,279.9521855796233,0.006131291712270832,0.0190920410446608,True
186,SAT-2,428.31047897177876,0.003968345676011863,0.023797534517297915,True
186,SAT-3,371.7913187430972,0.00551694228628596,0.022729503339207126,True
187,SAT-1,361.54391965036575,0.006396325787309393,0.023134470215567065,True
187,SAT-2,281.71004367311207,0.010674521932169884,0.02371665358370285,True
187,SAT-3,549.2637064174029,0.005587936310811885,0.03101681160791387,True
188,SAT-1,946.7908672657856,0.004022147190689682,0.04785505771225383,True
188,SAT-2,304.34560675407874,0.0054696882813758734,0.01955976266813878,True
188,SAT-3,457.74812537835106,0.005147352856864751,0.026339395698455077,True
189,SAT-1,498.91789589528497,0.0028815350015316704,0.025979585737424496,True
189,SAT-2,466.0325500155424,0.009845971701223482,0.03142155272046156,True
189,SAT-3,382.4888094320207,0.003059816284916344,0.02076763153639878,True
190,SAT-1,514.4974725114237,0.013305430897282537,0.037124758328366966,True
190,SAT-2,599.033373255086,0.00657577941070766,0.03430880595029497,True
190,SAT-3,370.3270720694511,0.006861414669008732,0.024006186524075913,True
191,SAT-1,353.06673467549797,0.007258896124170126,0.02360457828507281,True
191,SAT-2,530.7177027247704,0.008320155388840355,0.03289041940387602,True
191,SAT-3,155.0966367814141,0.01210939828958956,0.019289798140580953,True
192,SAT-1,589.3090918229626,0.006909315127488328,0.03419214345262549,True
192,SAT-2,209.31830931669705,0.006503882873770842,0.016194545342136445,True
192,SAT-3,263.5340575762446,0.01052228823488734,0.02272293904860237,True
193,SAT-1,311.2320282525762,0.005587091230067508,0.019995981426946037,True
193,SAT-2,338.1394161859951,0.011553367351811915,0.02720796995301539,True
193,SAT-3,550.7486565859022,0.006389458540633321,0.03188708153072138,True
194,SAT-1,638.7817952982211,0.0061424836113538606,0.0357157148751604,True
194,SAT-2,120.0795203818691,0.004127556061877397,0.00968679311659356,True
194,SAT-3,466.80808824541447,0.003999738102586134,0.02561122366950347,True
195,SAT-1,259.78182663193013,0.015632365091480135,0.027659301509625048,True
195,SAT-2,538.3528260187674,0.004667068221940187,0.02959081016725349,True
195,SAT-3,296.95289798729135,0.01651579171784588,0.030263611069109367,True
196,SAT-1,462.8833152477205,0.005760825519275515,0.027190608632595908,True
196,SAT-2,427.16462482761875,0.009678546112052553,0.029454686150368233,True
196,SAT-3,196.45960964459258,0.007821841579144558,0.016917193877505326,True
197,SAT-1,380.06608955362066,0.005947780623357531,0.023543432917506636,True
197,SAT-2,305.8287473872479,0.01180065672777376,0.02595939503273894,True
197,SAT-3,338.48106974434535,0.0076682194058957836,0.023338639301467328,True
198,SAT-1,819.660230744526,0.0063787700956870474,0.044326003000526214,True
198,SAT-2,214.70687395715106,0.009467759499077586,0.019407892552649395,True
198,SAT-3,397.10351693138784,0.005354358725979635,0.023738780806136478,True
199,SAT-1,420.1190495519515,0.011574453322773877,0.03102440932054941,True
199,SAT-2,567.3007415408567,0.009358859180006982,0.03562278239949109,True
199,SAT-3,593.5589946812016,0.010547772145481733,0.0380273552325744,True
