time_utc,satellite_id,semi_major_axis_km,eccentricity,inclination_deg,raan_deg,argument_of_perigee_deg,mean_anomaly_deg
2026-03-21T07:38:40Z,SAT-1,6939.24434,0.000546098319,97.6927546,350.996259,120.418436,270.053542
2026-03-21T07:38:40Z,SAT-2,6939.24434,0.000546098319,97.6927439,350.996253,120.467976,270.053542
2026-03-21T07:38:40Z,SAT-3,6939.24304,0.000546098227,97.7145005,350.958938,120.457813,270.033933
2026-03-21T07:38:41Z,SAT-1,6939.24227,8.6124611e-08,97.6927478,350.996255,210.47195,180.000027
2026-03-21T07:38:41Z,SAT-2,6939.24227,8.61245736e-08,97.6927372,350.996249,210.521505,180.000012
2026-03-21T07:38:41Z,SAT-3,6939.24097,2.73028475e-07,97.7145139,350.958946,210.49174,180.000006
2026-03-21T07:38:42Z,SAT-1,6939.24227,8.61247499e-08,97.6927344,350.996247,210.534547,180.000008
2026-03-21T07:38:42Z,SAT-2,6939.24227,8.61247665e-08,97.6927237,350.996241,210.584084,180.00001
2026-03-21T07:38:42Z,SAT-3,6939.24097,2.73028641e-07,97.7145408,350.958962,210.554324,180.000003
2026-03-21T07:38:43Z,SAT-1,6939.24227,8.6124658e-08,97.6927209,350.996239,210.597133,180
2026-03-21T07:38:43Z,SAT-2,6939.24227,8.61247037e-08,97.6927103,350.996233,210.646653,180.000018
2026-03-21T07:38:43Z,SAT-3,6939.24097,2.73028564e-07,97.7145677,350.958978,210.616905,180.000003
2026-03-21T07:38:44Z,SAT-1,6939.24227,8.61245793e-08,97.6927075,350.996231,210.659705,180.000004
2026-03-21T07:38:44Z,SAT-2,6939.24227,8.6124565e-08,97.6926968,350.996225,210.7092,180.000049
2026-03-21T07:38:44Z,SAT-3,6939.24097,2.73028455e-07,97.7145946,350.958994,210.67948,180.000008
2026-03-21T07:38:45Z,SAT-1,6939.24227,8.61247992e-08,97.692694,350.996223,210.722306,179.99998
2026-03-21T07:38:45Z,SAT-2,6939.24227,8.6124761e-08,97.6926834,350.996216,210.771861,179.999965
2026-03-21T07:38:45Z,SAT-3,6939.24097,2.73028631e-07,97.7146215,350.95901,210.742071,179.999997
2026-03-21T07:38:46Z,SAT-1,6939.24227,8.61246128e-08,97.6926806,350.996215,210.784839,180.000024
2026-03-21T07:38:46Z,SAT-2,6939.24227,8.61245362e-08,97.69267,350.996208,210.834393,180.00001
2026-03-21T07:38:46Z,SAT-3,6939.24097,2.73028457e-07,97.7146483,350.959026,210.804643,180.000005
2026-03-21T07:38:47Z,SAT-1,6939.24227,8.61245602e-08,97.6926672,350.996207,210.847446,179.999994
2026-03-21T07:38:47Z,SAT-2,6939.24227,8.61245992e-08,97.6926566,350.9962,210.896975,180.000006
2026-03-21T07:38:47Z,SAT-3,6939.24097,2.73028495e-07,97.7146751,350.959043,210.867234,179.999995
2026-03-21T07:38:48Z,SAT-1,6939.24227,8.612483e-08,97.6926538,350.996199,210.910054,179.999963
2026-03-21T07:38:48Z,SAT-2,6939.24227,8.61249259e-08,97.6926432,350.996192,210.959606,179.999952
2026-03-21T07:38:48Z,SAT-3,6939.24097,2.73028729e-07,97.7147019,350.959059,210.929817,179.999992
2026-03-21T07:38:49Z,SAT-1,6939.24227,8.61246496e-08,97.6926404,350.996191,210.972606,179.999989
2026-03-21T07:38:49Z,SAT-2,6939.24227,8.61246522e-08,97.6926298,350.996184,211.022136,179.999999
2026-03-21T07:38:49Z,SAT-3,6939.24097,2.73028534e-07,97.7147287,350.959075,210.992392,179.999998
2026-03-21T07:38:50Z,SAT-1,6939.24227,8.61245762e-08,97.692627,350.996182,211.035161,180.000011
2026-03-21T07:38:50Z,SAT-2,6939.24227,8.61245667e-08,97.6926164,350.996176,211.084706,180.000006
2026-03-21T07:38:50Z,SAT-3,6939.24097,2.73028487e-07,97.7147555,350.959091,211.054973,179.999997
2026-03-21T07:38:51Z,SAT-1,6939.24227,8.61246287e-08,97.6926136,350.996174,211.097707,180.000043
2026-03-21T07:38:51Z,SAT-2,6939.24227,8.61246234e-08,97.692603,350.996168,211.147296,179.999993
2026-03-21T07:38:51Z,SAT-3,6939.24097,2.73028509e-07,97.7147823,350.959107,211.117545,180.000006
2026-03-21T07:38:52Z,SAT-1,6939.24227,8.61246578e-08,97.6926003,350.996166,211.160325,180.000001
2026-03-21T07:38:52Z,SAT-2,6939.24227,8.61246208e-08,97.6925897,350.99616,211.209842,180.000024
2026-03-21T07:38:52Z,SAT-3,6939.24097,2.73028522e-07,97.714809,350.959124,211.180127,180.000004
2026-03-21T07:38:53Z,SAT-1,6939.24227,8.61247715e-08,97.6925869,350.996158,211.22291,179.999994
2026-03-21T07:38:53Z,SAT-2,6939.24227,8.61248171e-08,97.6925763,350.996152,211.272435,180.000009
2026-03-21T07:38:53Z,SAT-3,6939.24097,2.73028677e-07,97.7148357,350.95914,211.242711,180
2026-03-21T07:38:54Z,SAT-1,6939.24227,8.61245348e-08,97.6925735,350.99615,211.285475,180.000005
2026-03-21T07:38:54Z,SAT-2,6939.24227,8.61245833e-08,97.692563,350.996143,211.335016,180.000005
2026-03-21T07:38:54Z,SAT-3,6939.24097,2.73028442e-07,97.7148624,350.959156,211.30529,180.000001
2026-03-21T07:38:55Z,SAT-1,6939.24227,8.61245416e-08,97.6925602,350.996142,211.348089,179.999969
2026-03-21T07:38:55Z,SAT-2,6939.24227,8.61245509e-08,97.6925496,350.996135,211.397632,179.999966
2026-03-21T07:38:55Z,SAT-3,6939.24097,2.73028429e-07,97.7148891,350.959173,211.367883,179.99999
2026-03-21T07:38:56Z,SAT-1,6939.24227,8.61247184e-08,97.6925469,350.996133,211.41067,179.999965
2026-03-21T07:38:56Z,SAT-2,6939.24227,8.61247494e-08,97.6925363,350.996127,211.460215,179.99996
2026-03-21T07:38:56Z,SAT-3,6939.24097,2.73028584e-07,97.7149158,350.959189,211.430459,179.999994
2026-03-21T07:38:57Z,SAT-1,6939.24227,8.61245929e-08,97.6925335,350.996125,211.473187,180.000025
2026-03-21T07:38:57Z,SAT-2,6939.24227,8.6124573e-08,97.692523,350.996119,211.522708,180.000044
2026-03-21T07:38:57Z,SAT-3,6939.24097,2.73028466e-07,97.7149424,350.959206,211.493023,180.000011
2026-03-21T07:38:58Z,SAT-1,6939.24227,8.61247492e-08,97.6925202,350.996117,211.535755,180.000034
2026-03-21T07:38:58Z,SAT-2,6939.24227,8.61246722e-08,97.6925097,350.99611,211.58529,180.000039
2026-03-21T07:38:58Z,SAT-3,6939.24097,2.73028627e-07,97.714969,350.959222,211.555608,180.000006
2026-03-21T07:38:59Z,SAT-1,6939.24227,8.61247267e-08,97.6925069,350.996109,211.598371,179.999995
2026-03-21T07:38:59Z,SAT-2,6939.24227,8.61247267e-08,97.6924964,350.996102,211.647924,179.999982
2026-03-21T07:38:59Z,SAT-3,6939.24097,2.7302861e-07,97.7149956,350.959239,211.618198,179.999996
2026-03-21T07:39:00Z,SAT-1,6939.24227,8.61246126e-08,97.6924936,350.9961,211.660944,180
2026-03-21T07:39:00Z,SAT-2,6939.24227,8.61246903e-08,97.6924831,350.996094,211.710492,179.999992
2026-03-21T07:39:00Z,SAT-3,6939.24097,2.73028535e-07,97.7150222,350.959255,211.680776,179.999999
2026-03-21T07:39:01Z,SAT-1,6939.24227,8.61247863e-08,97.6924803,350.996092,211.723536,179.999984
2026-03-21T07:39:01Z,SAT-2,6939.24227,8.61247752e-08,97.6924698,350.996086,211.773076,179.999985
2026-03-21T07:39:01Z,SAT-3,6939.24097,2.73028631e-07,97.7150488,350.959272,211.743355,180
2026-03-21T07:39:02Z,SAT-1,6939.24227,8.61245659e-08,97.692467,350.996084,211.786059,180.000039
2026-03-21T07:39:02Z,SAT-2,6939.24227,8.61245024e-08,97.6924565,350.996077,211.835592,180.000046
2026-03-21T07:39:02Z,SAT-3,6939.24097,2.73028417e-07,97.7150754,350.959288,211.805923,180.000013
2026-03-21T07:39:03Z,SAT-1,6939.24227,8.61245253e-08,97.6924538,350.996076,211.848672,180.000003
2026-03-21T07:39:03Z,SAT-2,6939.24227,8.6124485e-08,97.6924433,350.996069,211.898183,180.000032
2026-03-21T07:39:03Z,SAT-3,6939.24097,2.73028422e-07,97.7151019,350.959305,211.868516,180
2026-03-21T07:39:04Z,SAT-1,6939.24227,8.6124864e-08,97.6924405,350.996067,211.911291,179.999962
2026-03-21T07:39:04Z,SAT-2,6939.24227,8.6124887e-08,97.69243,350.996061,211.960859,179.999933
2026-03-21T07:39:04Z,SAT-3,6939.24097,2.73028759e-07,97.7151284,350.959322,211.931113,179.999983
2026-03-21T07:39:05Z,SAT-1,6939.24227,8.61246369e-08,97.6924273,350.996059,211.973811,180.000018
2026-03-21T07:39:05Z,SAT-2,6939.24227,8.61247016e-08,97.6924168,350.996052,212.023385,179.999984
2026-03-21T07:39:05Z,SAT-3,6939.24097,2.73028552e-07,97.7151549,350.959338,211.993677,180
2026-03-21T07:39:06Z,SAT-1,6939.24227,8.61245006e-08,97.692414,350.996051,212.036395,180.000011
2026-03-21T07:39:06Z,SAT-2,6939.24227,8.61245217e-08,97.6924035,350.996044,212.085928,180.000018
2026-03-21T07:39:06Z,SAT-3,6939.24097,2.73028361e-07,97.7151814,350.959355,212.056248,180.00001
2026-03-21T07:39:07Z,SAT-1,6939.24227,8.61246321e-08,97.6924008,350.996042,212.098986,179.999998
2026-03-21T07:39:07Z,SAT-2,6939.24227,8.61245901e-08,97.6923903,350.996036,212.148511,180.000013
2026-03-21T07:39:07Z,SAT-3,6939.24097,2.73028461e-07,97.7152079,350.959372,212.118831,180.000007
2026-03-21T07:39:08Z,SAT-1,6939.24227,8.61247543e-08,97.6923875,350.996034,212.16161,179.999951
2026-03-21T07:39:08Z,SAT-2,6939.24227,8.61247693e-08,97.6923771,350.996027,212.211131,179.999969
2026-03-21T07:39:08Z,SAT-3,6939.24097,2.73028645e-07,97.7152343,350.959389,212.181431,179.999987
2026-03-21T07:39:09Z,SAT-1,6939.24227,8.61248556e-08,97.6923743,350.996025,212.22416,179.999978
2026-03-21T07:39:09Z,SAT-2,6939.24227,8.61248806e-08,97.6923639,350.996019,212.27371,179.999968
2026-03-21T07:39:09Z,SAT-3,6939.24097,2.73028751e-07,97.7152608,350.959405,212.244008,179.999991
2026-03-21T07:39:10Z,SAT-1,6939.24227,8.61246215e-08,97.6923611,350.996017,212.286725,179.99999
2026-03-21T07:39:10Z,SAT-2,6939.24227,8.61245107e-08,97.6923507,350.99601,212.336264,179.99999
2026-03-21T07:39:10Z,SAT-3,6939.24097,2.73028483e-07,97.7152872,350.959422,212.306588,179.999992
2026-03-21T07:39:11Z,SAT-1,6939.24227,8.61245959e-08,97.6923479,350.996009,212.349238,180.000054
2026-03-21T07:39:11Z,SAT-2,6939.24227,8.61244768e-08,97.6923375,350.996002,212.398765,180.000067
2026-03-21T07:39:11Z,SAT-3,6939.24097,2.73028453e-07,97.7153136,350.959439,212.369146,180.000014
2026-03-21T07:39:12Z,SAT-1,6939.24227,8.61246496e-08,97.6923347,350.996,212.41185,180.000019
2026-03-21T07:39:12Z,SAT-2,6939.24227,8.61247558e-08,97.6923243,350.995993,212.46139,180.000019
2026-03-21T07:39:12Z,SAT-3,6939.24097,2.73028552e-07,97.71534,350.959456,212.431729,180.000011
2026-03-21T07:39:13Z,SAT-1,6939.24227,8.61246416e-08,97.6923215,350.995992,212.474467,179.999979
2026-03-21T07:39:13Z,SAT-2,6939.24227,8.61247338e-08,97.6923111,350.995985,212.523997,179.999989
2026-03-21T07:39:13Z,SAT-3,6939.24097,2.73028571e-07,97.7153663,350.959473,212.494326,179.999995
2026-03-21T07:39:14Z,SAT-1,6939.24227,8.6124687e-08,97.6923084,350.995983,212.537012,180.000012
2026-03-21T07:39:14Z,SAT-2,6939.24227,8.61246291e-08,97.692298,350.995976,212.586542,180.000022
2026-03-21T07:39:14Z,SAT-3,6939.24097,2.73028575e-07,97.7153926,350.95949,212.556902,180
2026-03-21T07:39:15Z,SAT-1,6939.24227,8.61245554e-08,97.6922952,350.995975,212.599606,179.999995
2026-03-21T07:39:15Z,SAT-2,6939.24227,8.61245864e-08,97.6922848,350.995968,212.649169,179.999971
2026-03-21T07:39:15Z,SAT-3,6939.24097,2.73028454e-07,97.715419,350.959507,212.619488,179.999995
2026-03-21T07:39:16Z,SAT-1,6939.24227,8.61245608e-08,97.6922821,350.995966,212.662159,180.000019
2026-03-21T07:39:16Z,SAT-2,6939.24227,8.61245543e-08,97.6922716,350.995959,212.711715,180.000002
2026-03-21T07:39:16Z,SAT-3,6939.24097,2.7302844e-07,97.7154453,350.959524,212.68206,180.000003
2026-03-21T07:39:17Z,SAT-1,6939.24227,8.61248932e-08,97.6922689,350.995958,212.724784,179.999971
2026-03-21T07:39:17Z,SAT-2,6939.24227,8.61248243e-08,97.6922585,350.995951,212.774332,179.999963
2026-03-21T07:39:17Z,SAT-3,6939.24097,2.73028742e-07,97.7154716,350.959541,212.744654,179.99999
2026-03-21T07:39:18Z,SAT-1,6939.24227,8.61246979e-08,97.6922558,350.995949,212.787355,179.999977
2026-03-21T07:39:18Z,SAT-2,6939.24227,8.61247461e-08,97.6922454,350.995942,212.836905,179.999966
2026-03-21T07:39:18Z,SAT-3,6939.24097,2.73028571e-07,97.7154978,350.959558,212.807228,179.999996
2026-03-21T07:39:19Z,SAT-1,6939.24227,8.61245045e-08,97.6922426,350.995941,212.849892,180.000017
2026-03-21T07:39:19Z,SAT-2,6939.24227,8.61245499e-08,97.6922323,350.995934,212.899423,180.000025
2026-03-21T07:39:19Z,SAT-3,6939.24097,2.73028376e-07,97.7155241,350.959575,212.869792,180.000012
2026-03-21T07:39:20Z,SAT-1,6939.24227,8.61247089e-08,97.6922295,350.995932,212.912427,180.000059
2026-03-21T07:39:20Z,SAT-2,6939.24227,8.61247351e-08,97.6922192,350.995925,212.961952,180.000074
2026-03-21T07:39:20Z,SAT-3,6939.24097,2.73028639e-07,97.7155503,350.959592,212.932369,180.000016
2026-03-21T07:39:21Z,SAT-1,6939.24227,8.61246518e-08,97.6922164,350.995923,212.975061,180.000002
2026-03-21T07:39:21Z,SAT-2,6939.24227,8.61246788e-08,97.6922061,350.995917,213.024596,180.000007
2026-03-21T07:39:21Z,SAT-3,6939.24097,2.73028582e-07,97.7155765,350.959609,212.994969,179.999996
2026-03-21T07:39:22Z,SAT-1,6939.24227,8.61245906e-08,97.6922033,350.995915,213.037651,179.99999
2026-03-21T07:39:22Z,SAT-2,6939.24227,8.61245071e-08,97.692193,350.995908,213.087195,179.999985
2026-03-21T07:39:22Z,SAT-3,6939.24097,2.73028431e-07,97.7156027,350.959627,213.057551,179.999996
2026-03-21T07:39:23Z,SAT-1,6939.24227,8.61246473e-08,97.6921902,350.995906,213.100212,180.000005
2026-03-21T07:39:23Z,SAT-2,6939.24227,8.6124582e-08,97.6921799,350.995899,213.149724,180.000033
2026-03-21T07:39:23Z,SAT-3,6939.24097,2.73028498e-07,97.7156289,350.959644,213.120121,180.000006
2026-03-21T07:39:24Z,SAT-1,6939.24227,8.61246534e-08,97.6921772,350.995898,213.162821,179.999974
2026-03-21T07:39:24Z,SAT-2,6939.24227,8.61247037e-08,97.6921668,350.995891,213.212377,179.999957
2026-03-21T07:39:24Z,SAT-3,6939.24097,2.73028527e-07,97.715655,350.959661,213.182713,179.999994
2026-03-21T07:39:25Z,SAT-1,6939.24227,8.6124729e-08,97.6921641,350.995889,213.225388,179.999984
2026-03-21T07:39:25Z,SAT-2,6939.24227,8.6124825e-08,97.6921537,350.995882,213.274962,179.999949
2026-03-21T07:39:25Z,SAT-3,6939.24097,2.7302866e-07,97.7156812,350.959678,213.245298,179.999989
2026-03-21T07:39:26Z,SAT-1,6939.24227,8.61246708e-08,97.692151,350.99588,213.287936,180.000013
2026-03-21T07:39:26Z,SAT-2,6939.24227,8.61246417e-08,97.6921407,350.995874,213.337442,180.000046
2026-03-21T07:39:26Z,SAT-3,6939.24097,2.73028574e-07,97.7157073,350.959696,213.307864,180.000005
2026-03-21T07:39:27Z,SAT-1,6939.24227,8.61246822e-08,97.692138,350.995872,213.350498,180.000028
2026-03-21T07:39:27Z,SAT-2,6939.24227,8.61245684e-08,97.6921276,350.995865,213.400008,180.000057
2026-03-21T07:39:27Z,SAT-3,6939.24097,2.73028508e-07,97.7157334,350.959713,213.370436,180.000014
2026-03-21T07:39:28Z,SAT-1,6939.24227,8.61247278e-08,97.6921249,350.995863,213.413162,179.999941
2026-03-21T07:39:28Z,SAT-2,6939.24227,8.6124708e-08,97.6921146,350.995856,213.462732,179.999911
2026-03-21T07:39:28Z,SAT-3,6939.24097,2.73028566e-07,97.7157595,350.95973,213.433048,179.999981
2026-03-21T07:39:29Z,SAT-1,6939.24227,8.61246148e-08,97.6921119,350.995854,213.4757,179.99998
2026-03-21T07:39:29Z,SAT-2,6939.24227,8.61246295e-08,97.6921016,350.995847,213.525257,179.999963
2026-03-21T07:39:29Z,SAT-3,6939.24097,2.73028505e-07,97.7157855,350.959748,213.495619,179.999991
2026-03-21T07:39:30Z,SAT-1,6939.24227,8.61247544e-08,97.6920989,350.995846,213.538235,180.000023
2026-03-21T07:39:30Z,SAT-2,6939.24227,8.61247487e-08,97.6920886,350.995839,213.587769,180.000028
2026-03-21T07:39:30Z,SAT-3,6939.24097,2.73028635e-07,97.7158116,350.959765,213.558183,180.000008
2026-03-21T07:39:31Z,SAT-1,6939.24227,8.61245976e-08,97.6920859,350.995837,213.60082,180.000014
2026-03-21T07:39:31Z,SAT-2,6939.24227,8.61246222e-08,97.6920756,350.99583,213.650363,180.000011
2026-03-21T07:39:31Z,SAT-3,6939.24097,2.73028493e-07,97.7158376,350.959783,213.620767,180.000004
2026-03-21T07:39:32Z,SAT-1,6939.24227,8.61244933e-08,97.6920728,350.995828,213.663362,180.000049
2026-03-21T07:39:32Z,SAT-2,6939.24227,8.61245678e-08,97.6920626,350.995821,213.71292,180.000031
2026-03-21T07:39:32Z,SAT-3,6939.24097,2.73028449e-07,97.7158636,350.9598,213.683344,180.000008
2026-03-21T07:39:33Z,SAT-1,6939.24227,8.61248036e-08,97.6920599,350.995819,213.725997,179.999992
2026-03-21T07:39:33Z,SAT-2,6939.24227,8.61247431e-08,97.6920496,350.995813,213.775544,179.999984
2026-03-21T07:39:33Z,SAT-3,6939.24097,2.73028621e-07,97.7158896,350.959817,213.745931,180.000001
2026-03-21T07:39:34Z,SAT-1,6939.24227,8.6124611e-08,97.6920469,350.995811,213.788581,179.999984
2026-03-21T07:39:34Z,SAT-2,6939.24227,8.61246132e-08,97.6920366,350.995804,213.838115,179.999991
2026-03-21T07:39:34Z,SAT-3,6939.24097,2.73028494e-07,97.7159155,350.959835,213.808517,179.999996
2026-03-21T07:39:35Z,SAT-1,6939.24227,8.61245906e-08,97.6920339,350.995802,213.851154,179.999989
2026-03-21T07:39:35Z,SAT-2,6939.24227,8.61246163e-08,97.6920236,350.995795,213.900698,179.999984
2026-03-21T07:39:35Z,SAT-3,6939.24097,2.73028521e-07,97.7159415,350.959853,213.871103,179.999991
2026-03-21T07:39:36Z,SAT-1,6939.24227,8.6124725e-08,97.6920209,350.995793,213.913753,179.999966
2026-03-21T07:39:36Z,SAT-2,6939.24227,8.61247315e-08,97.6920107,350.995786,213.963262,179.999997
2026-03-21T07:39:36Z,SAT-3,6939.24097,2.73028611e-07,97.7159674,350.95987,213.93368,179.999994
2026-03-21T07:39:37Z,SAT-1,6939.24227,8.61246248e-08,97.692008,350.995784,213.976333,179.999964
2026-03-21T07:39:37Z,SAT-2,6939.24227,8.61246491e-08,97.6919977,350.995777,214.025853,179.999984
2026-03-21T07:39:37Z,SAT-3,6939.24097,2.73028485e-07,97.7159933,350.959888,213.996258,179.999997
2026-03-21T07:39:38Z,SAT-1,6939.24227,8.61247068e-08,97.691995,350.995776,214.038858,180.000016
2026-03-21T07:39:38Z,SAT-2,6939.24227,8.61246326e-08,97.6919848,350.995769,214.088392,180.000022
2026-03-21T07:39:38Z,SAT-3,6939.24097,2.73028528e-07,97.7160192,350.959905,214.058831,180.000004
2026-03-21T07:39:39Z,SAT-1,6939.24227,8.61246246e-08,97.6919821,350.995767,214.101429,180.000022
2026-03-21T07:39:39Z,SAT-2,6939.24227,8.61246947e-08,97.6919718,350.99576,214.150976,180.000014
2026-03-21T07:39:39Z,SAT-3,6939.24097,2.73028543e-07,97.7160451,350.959923,214.12141,180.000006
2026-03-21T07:39:40Z,SAT-1,6939.24227,8.61245535e-08,97.6919692,350.995758,214.16404,179.999988
2026-03-21T07:39:40Z,SAT-2,6939.24227,8.61245355e-08,97.6919589,350.995751,214.213583,179.999985
2026-03-21T07:39:40Z,SAT-3,6939.24097,2.73028453e-07,97.7160709,350.959941,214.183999,179.999998
2026-03-21T07:39:41Z,SAT-1,6939.24227,8.61247495e-08,97.6919562,350.995749,214.226574,180.000031
2026-03-21T07:39:41Z,SAT-2,6939.24227,8.61246198e-08,97.691946,350.995742,214.276115,180.00003
2026-03-21T07:39:41Z,SAT-3,6939.24097,2.73028603e-07,97.7160968,350.959958,214.246573,180.000005
2026-03-21T07:39:42Z,SAT-1,6939.24227,8.61247639e-08,97.6919433,350.99574,214.289192,179.999991
2026-03-21T07:39:42Z,SAT-2,6939.24227,8.61247597e-08,97.6919331,350.995733,214.338749,179.999973
2026-03-21T07:39:42Z,SAT-3,6939.24097,2.73028645e-07,97.7161226,350.959976,214.309164,179.999994
2026-03-21T07:39:43Z,SAT-1,6939.24227,8.61245923e-08,97.6919304,350.995731,214.351763,179.999996
2026-03-21T07:39:43Z,SAT-2,6939.24227,8.61246242e-08,97.6919202,350.995724,214.401311,179.999988
2026-03-21T07:39:43Z,SAT-3,6939.24097,2.73028491e-07,97.7161484,350.959994,214.371742,179.999997
2026-03-21T07:39:44Z,SAT-1,6939.24227,8.61246479e-08,97.6919175,350.995722,214.414327,180.000009
2026-03-21T07:39:44Z,SAT-2,6939.24227,8.6124734e-08,97.6919073,350.995715,214.463893,179.999983
2026-03-21T07:39:44Z,SAT-3,6939.24097,2.73028574e-07,97.7161742,350.960012,214.434321,179.999999
2026-03-21T07:39:45Z,SAT-1,6939.24227,8.6124603e-08,97.6919046,350.995713,214.476864,180.000049
2026-03-21T07:39:45Z,SAT-2,6939.24227,8.61246612e-08,97.6918945,350.995706,214.526417,180.000036
2026-03-21T07:39:45Z,SAT-3,6939.24097,2.73028515e-07,97.7161999,350.96003,214.496887,180.000013
2026-03-21T07:39:46Z,SAT-1,6939.24227,8.61247059e-08,97.6918918,350.995705,214.539474,180.000017
2026-03-21T07:39:46Z,SAT-2,6939.24227,8.61246907e-08,97.6918816,350.995697,214.58901,180.00002
2026-03-21T07:39:46Z,SAT-3,6939.24097,2.73028581e-07,97.7162256,350.960048,214.559475,180.000006
2026-03-21T07:39:47Z,SAT-1,6939.24227,8.61245944e-08,97.6918789,350.995696,214.602123,179.999945
2026-03-21T07:39:47Z,SAT-2,6939.24227,8.6124598e-08,97.6918687,350.995688,214.651635,179.999972
2026-03-21T07:39:47Z,SAT-3,6939.24097,2.73028479e-07,97.7162514,350.960065,214.622074,179.999987
2026-03-21T07:39:48Z,SAT-1,6939.24227,8.6124572e-08,97.6918661,350.995687,214.664653,179.999992
2026-03-21T07:39:48Z,SAT-2,6939.24227,8.61246263e-08,97.6918559,350.99568,214.714171,180.000014
2026-03-21T07:39:48Z,SAT-3,6939.24097,2.73028482e-07,97.7162771,350.960083,214.684641,180.000001
2026-03-21T07:39:49Z,SAT-1,6939.24227,8.61248373e-08,97.6918532,350.995678,214.727229,179.999992
2026-03-21T07:39:49Z,SAT-2,6939.24227,8.61247665e-08,97.6918431,350.995671,214.776775,179.999986
2026-03-21T07:39:49Z,SAT-3,6939.24097,2.73028684e-07,97.7163027,350.960101,214.747226,179.999996
2026-03-21T07:39:50Z,SAT-1,6939.24227,8.61245923e-08,97.6918404,350.995669,214.789783,180.000015
2026-03-21T07:39:50Z,SAT-2,6939.24227,8.61245623e-08,97.6918302,350.995662,214.839321,180.000017
2026-03-21T07:39:50Z,SAT-3,6939.24097,2.7302846e-07,97.7163284,350.960119,214.809798,180.000005
2026-03-21T07:39:51Z,SAT-1,6939.24227,8.61246471e-08,97.6918276,350.99566,214.852343,180.000033
2026-03-21T07:39:51Z,SAT-2,6939.24227,8.6124664e-08,97.6918174,350.995653,214.901903,180.000012
2026-03-21T07:39:51Z,SAT-3,6939.24097,2.73028539e-07,97.716354,350.960137,214.872377,180.000007
2026-03-21T07:39:52Z,SAT-1,6939.24227,8.61247484e-08,97.6918148,350.995651,214.914992,179.999961
2026-03-21T07:39:52Z,SAT-2,6939.24227,8.61247386e-08,97.6918046,350.995644,214.964516,179.999976
2026-03-21T07:39:52Z,SAT-3,6939.24097,2.73028591e-07,97.7163797,350.960155,214.93497,179.999995
2026-03-21T07:39:53Z,SAT-1,6939.24227,8.61246247e-08,97.691802,350.995642,214.977564,179.999966
2026-03-21T07:39:53Z,SAT-2,6939.24227,8.61246979e-08,97.6917918,350.995634,215.027082,179.999988
2026-03-21T07:39:53Z,SAT-3,6939.24097,2.73028508e-07,97.7164053,350.960173,214.997548,179.999998
2026-03-21T07:39:54Z,SAT-1,6939.24227,8.61246544e-08,97.6917892,350.995633,215.040051,180.000056
2026-03-21T07:39:54Z,SAT-2,6939.24227,8.61246143e-08,97.691779,350.995625,215.089599,180.000048
2026-03-21T07:39:54Z,SAT-3,6939.24097,2.73028517e-07,97.7164308,350.960192,215.06011,180.000016
2026-03-21T07:39:55Z,SAT-1,6939.24227,8.61246045e-08,97.6917764,350.995624,215.102664,180.00002
2026-03-21T07:39:55Z,SAT-2,6939.24227,8.61245242e-08,97.6917663,350.995616,215.152197,180.000026
2026-03-21T07:39:55Z,SAT-3,6939.24097,2.73028484e-07,97.7164564,350.96021,215.122704,180.000002
2026-03-21T07:39:56Z,SAT-1,6939.24227,8.61246784e-08,97.6917636,350.995614,215.165244,180.000017
2026-03-21T07:39:56Z,SAT-2,6939.24227,8.61246409e-08,97.6917535,350.995607,215.214799,180.000001
2026-03-21T07:39:56Z,SAT-3,6939.24097,2.73028579e-07,97.7164819,350.960228,215.18529,179.999998
2026-03-21T07:39:57Z,SAT-1,6939.24227,8.61246912e-08,97.6917508,350.995605,215.227846,179.999992
2026-03-21T07:39:57Z,SAT-2,6939.24227,8.61247733e-08,97.6917407,350.995598,215.27741,179.999967
2026-03-21T07:39:57Z,SAT-3,6939.24097,2.73028615e-07,97.7165075,350.960246,215.247875,179.999993
2026-03-21T07:39:58Z,SAT-1,6939.24227,8.61245797e-08,97.6917381,350.995596,215.290432,179.999983
2026-03-21T07:39:58Z,SAT-2,6939.24227,8.61246541e-08,97.691728,350.995589,215.339969,179.999986
2026-03-21T07:39:58Z,SAT-3,6939.24097,2.730285e-07,97.716533,350.960264,215.310453,179.999996
2026-03-21T07:39:59Z,SAT-1,6939.24227,8.61246448e-08,97.6917253,350.995587,215.352994,179.999998
2026-03-21T07:39:59Z,SAT-2,6939.24227,8.61246234e-08,97.6917153,350.99558,215.402498,180.000034
2026-03-21T07:39:59Z,SAT-3,6939.24097,2.73028481e-07,97.7165584,350.960282,215.373019,180.00001
2026-03-21T07:40:00Z,SAT-1,6939.24227,8.61245373e-08,97.6917126,350.995578,215.415573,179.999996
2026-03-21T07:40:00Z,SAT-2,6939.24227,8.61244436e-08,97.6917025,350.995571,215.4651,180.000008
2026-03-21T07:40:00Z,SAT-3,6939.24097,2.73028373e-07,97.7165839,350.960301,215.43561,180
2026-03-21T07:40:01Z,SAT-1,6939.24227,8.61247174e-08,97.6916999,350.995569,215.47814,180.000006
2026-03-21T07:40:01Z,SAT-2,6939.24227,8.61247418e-08,97.6916898,350.995562,215.527701,179.999985
2026-03-21T07:40:01Z,SAT-3,6939.24097,2.73028613e-07,97.7166094,350.960319,215.498192,179.999999
2026-03-21T07:40:02Z,SAT-1,6939.24227,8.61248523e-08,97.6916872,350.99556,215.540741,179.999982
2026-03-21T07:40:02Z,SAT-2,6939.24227,8.61249045e-08,97.6916771,350.995552,215.590308,179.999955
2026-03-21T07:40:02Z,SAT-3,6939.24097,2.73028761e-07,97.7166348,350.960337,215.560782,179.99999
2026-03-21T07:40:03Z,SAT-1,6939.24227,8.61246285e-08,97.6916745,350.995551,215.603354,179.999946
2026-03-21T07:40:03Z,SAT-2,6939.24227,8.61245879e-08,97.6916644,350.995543,215.65289,179.99995
2026-03-21T07:40:03Z,SAT-3,6939.24097,2.73028528e-07,97.7166602,350.960356,215.623374,179.999979
2026-03-21T07:40:04Z,SAT-1,6939.24227,8.61245906e-08,97.6916618,350.995541,215.665879,179.999998
2026-03-21T07:40:04Z,SAT-2,6939.24227,8.61245484e-08,97.6916517,350.995534,215.715388,180.000029
2026-03-21T07:40:04Z,SAT-3,6939.24097,2.73028453e-07,97.7166856,350.960374,215.685929,180.000004
2026-03-21T07:40:05Z,SAT-1,6939.24227,8.61247303e-08,97.6916491,350.995532,215.728439,180.000015
2026-03-21T07:40:05Z,SAT-2,6939.24227,8.61247174e-08,97.691639,350.995525,215.777988,180.000005
2026-03-21T07:40:05Z,SAT-3,6939.24097,2.73028571e-07,97.7167109,350.960392,215.748505,180.000008
2026-03-21T07:40:06Z,SAT-1,6939.24227,8.61247159e-08,97.6916364,350.995523,215.791074,179.999957
2026-03-21T07:40:06Z,SAT-2,6939.24227,8.61247833e-08,97.6916264,350.995516,215.84062,179.999951
2026-03-21T07:40:06Z,SAT-3,6939.24097,2.73028596e-07,97.7167363,350.960411,215.811104,179.999991
2026-03-21T07:40:07Z,SAT-1,6939.24227,8.61245392e-08,97.6916237,350.995514,215.853572,180.000037
2026-03-21T07:40:07Z,SAT-2,6939.24227,8.61246043e-08,97.6916137,350.995506,215.903098,180.00005
2026-03-21T07:40:07Z,SAT-3,6939.24097,2.73028491e-07,97.7167616,350.960429,215.873667,180.000008
2026-03-21T07:40:08Z,SAT-1,6939.24227,8.61245918e-08,97.6916111,350.995505,215.916175,180.000011
2026-03-21T07:40:08Z,SAT-2,6939.24227,8.61246121e-08,97.6916011,350.995497,215.965703,180.000022
2026-03-21T07:40:08Z,SAT-3,6939.24097,2.73028522e-07,97.7167869,350.960448,215.936256,180
2026-03-21T07:40:09Z,SAT-1,6939.24227,8.61247248e-08,97.6915984,350.995495,215.978747,180.000015
2026-03-21T07:40:09Z,SAT-2,6939.24227,8.61246287e-08,97.6915884,350.995488,216.028294,180.000008
2026-03-21T07:40:09Z,SAT-3,6939.24097,2.7302856e-07,97.7168122,350.960466,215.998833,180.000004
2026-03-21T07:40:10Z,SAT-1,6939.24227,8.61247125e-08,97.6915858,350.995486,216.041299,180.00004
2026-03-21T07:40:10Z,SAT-2,6939.24227,8.61247609e-08,97.6915758,350.995479,216.090856,180.000023
2026-03-21T07:40:10Z,SAT-3,6939.24097,2.7302862e-07,97.7168374,350.960485,216.061408,180.00001
2026-03-21T07:40:11Z,SAT-1,6939.24227,8.61245416e-08,97.6915732,350.995477,216.103942,179.999974
2026-03-21T07:40:11Z,SAT-2,6939.24227,8.612462e-08,97.6915632,350.995469,216.153489,179.999967
2026-03-21T07:40:11Z,SAT-3,6939.24097,2.73028464e-07,97.7168627,350.960503,216.124007,179.999991
2026-03-21T07:40:12Z,SAT-1,6939.24227,8.61247379e-08,97.6915606,350.995467,216.166541,179.999952
2026-03-21T07:40:12Z,SAT-2,6939.24227,8.61246011e-08,97.6915506,350.99546,216.216081,179.999952
2026-03-21T07:40:12Z,SAT-3,6939.24097,2.73028515e-07,97.7168879,350.960522,216.186589,179.99999
2026-03-21T07:40:13Z,SAT-1,6939.24227,8.61246396e-08,97.691548,350.995458,216.229045,180.000025
2026-03-21T07:40:13Z,SAT-2,6939.24227,8.61245474e-08,97.691538,350.995451,216.278573,180.000037
2026-03-21T07:40:13Z,SAT-3,6939.24097,2.73028477e-07,97.7169131,350.960541,216.24915,180.00001
2026-03-21T07:40:14Z,SAT-1,6939.24227,8.61246601e-08,97.6915354,350.995449,216.291651,179.999996
2026-03-21T07:40:14Z,SAT-2,6939.24227,8.61247442e-08,97.6915254,350.995441,216.341183,180.000004
2026-03-21T07:40:14Z,SAT-3,6939.24097,2.73028585e-07,97.7169383,350.960559,216.31174,180.000001
2026-03-21T07:40:15Z,SAT-1,6939.24227,8.6124719e-08,97.6915228,350.995439,216.354251,179.999973
2026-03-21T07:40:15Z,SAT-2,6939.24227,8.6124735e-08,97.6915128,350.995432,216.40379,179.999974
2026-03-21T07:40:15Z,SAT-3,6939.24097,2.7302861e-07,97.7169635,350.960578,216.37433,179.999992
2026-03-21T07:40:16Z,SAT-1,6939.24227,8.6124508e-08,97.6915102,350.99543,216.416744,180.000058
2026-03-21T07:40:16Z,SAT-2,6939.24227,8.61244458e-08,97.6915003,350.995423,216.466302,180.000039
2026-03-21T07:40:16Z,SAT-3,6939.24097,2.7302836e-07,97.7169886,350.960597,216.436887,180.000015
2026-03-21T07:40:17Z,SAT-1,6939.24227,8.61247478e-08,97.6914976,350.995421,216.479384,179.999994
2026-03-21T07:40:17Z,SAT-2,6939.24227,8.61247628e-08,97.6914877,350.995413,216.528931,179.999987
2026-03-21T07:40:17Z,SAT-3,6939.24097,2.73028601e-07,97.7170137,350.960615,216.499481,180.000002
2026-03-21T07:40:18Z,SAT-1,6939.24227,8.61247992e-08,97.6914851,350.995411,216.541999,179.999956
2026-03-21T07:40:18Z,SAT-2,6939.24227,8.61248418e-08,97.6914752,350.995404,216.591505,179.99999
2026-03-21T07:40:18Z,SAT-3,6939.24097,2.73028741e-07,97.7170388,350.960634,216.562077,179.999987
2026-03-21T07:40:19Z,SAT-1,6939.24227,8.6124534e-08,97.6914725,350.995402,216.604544,179.999988
2026-03-21T07:40:19Z,SAT-2,6939.24227,8.61245726e-08,97.6914626,350.995395,216.654081,179.999991
2026-03-21T07:40:19Z,SAT-3,6939.24097,2.73028473e-07,97.7170639,350.960653,216.624653,179.999992
2026-03-21T07:40:20Z,SAT-1,6939.24227,8.61245601e-08,97.69146,350.995393,216.667087,180.000022
2026-03-21T07:40:20Z,SAT-2,6939.24227,8.61245772e-08,97.6914501,350.995385,216.716629,180.00002
2026-03-21T07:40:20Z,SAT-3,6939.24097,2.73028452e-07,97.717089,350.960672,216.687218,180.000007
2026-03-21T07:40:21Z,SAT-1,6939.24227,8.61246661e-08,97.6914475,350.995383,216.729662,180.000024
2026-03-21T07:40:21Z,SAT-2,6939.24227,8.61246116e-08,97.6914376,350.995376,216.779199,180.000027
2026-03-21T07:40:21Z,SAT-3,6939.24097,2.73028485e-07,97.717114,350.960691,216.749792,180.000013
2026-03-21T07:40:22Z,SAT-1,6939.24227,8.61246595e-08,97.691435,350.995374,216.792245,180.000019
2026-03-21T07:40:22Z,SAT-2,6939.24227,8.61246239e-08,97.6914251,350.995366,216.841786,180.000017
2026-03-21T07:40:22Z,SAT-3,6939.24097,2.73028525e-07,97.717139,350.96071,216.812381,180.000006
2026-03-21T07:40:23Z,SAT-1,6939.24227,8.61247377e-08,97.6914225,350.995364,216.85481,180.00003
2026-03-21T07:40:23Z,SAT-2,6939.24227,8.61247045e-08,97.6914126,350.995357,216.904347,180.000033
2026-03-21T07:40:23Z,SAT-3,6939.24097,2.73028641e-07,97.717164,350.960728,216.874963,180.000005
2026-03-21T07:40:24Z,SAT-1,6939.24227,8.61245771e-08,97.69141,350.995355,216.917429,179.999989
2026-03-21T07:40:24Z,SAT-2,6939.24227,8.61245722e-08,97.6914001,350.995347,216.967003,179.999954
2026-03-21T07:40:24Z,SAT-3,6939.24097,2.73028457e-07,97.717189,350.960747,216.937557,179.999991
2026-03-21T07:40:25Z,SAT-1,6939.24227,8.61245819e-08,97.6913975,350.995345,216.979985,180.000009
2026-03-21T07:40:25Z,SAT-2,6939.24227,8.61246421e-08,97.6913876,350.995338,217.029551,179.999983
2026-03-21T07:40:25Z,SAT-3,6939.24097,2.73028495e-07,97.717214,350.960766,217.00013,179.999999
2026-03-21T07:40:26Z,SAT-1,6939.24227,8.6124764e-08,97.691385,350.995336,217.042578,179.999993
2026-03-21T07:40:26Z,SAT-2,6939.24227,8.61247981e-08,97.6913752,350.995328,217.092125,179.999986
2026-03-21T07:40:26Z,SAT-3,6939.24097,2.73028664e-07,97.7172389,350.960785,217.062713,179.999997
2026-03-21T07:40:27Z,SAT-1,6939.24227,8.61247075e-08,97.6913726,350.995326,217.10516,179.999988
2026-03-21T07:40:27Z,SAT-2,6939.24227,8.61247658e-08,97.6913627,350.995319,217.154699,179.999989
2026-03-21T07:40:27Z,SAT-3,6939.24097,2.73028619e-07,97.7172638,350.960804,217.125294,179.999996
2026-03-21T07:40:28Z,SAT-1,6939.24227,8.61246047e-08,97.6913601,350.995317,217.167701,180.000025
2026-03-21T07:40:28Z,SAT-2,6939.24227,8.61246287e-08,97.6913503,350.995309,217.217237,180.000028
2026-03-21T07:40:28Z,SAT-3,6939.24097,2.730285e-07,97.7172887,350.960823,217.187863,180.000008
2026-03-21T07:40:29Z,SAT-1,6939.24227,8.61245992e-08,97.6913477,350.995307,217.230291,180.000011
2026-03-21T07:40:29Z,SAT-2,6939.24227,8.612452e-08,97.6913378,350.9953,217.279795,180.000047
2026-03-21T07:40:29Z,SAT-3,6939.24097,2.73028443e-07,97.7173136,350.960842,217.250443,180.000009
2026-03-21T07:40:30Z,SAT-1,6939.24227,8.61246294e-08,97.6913352,350.995298,217.292866,180.000013
2026-03-21T07:40:30Z,SAT-2,6939.24227,8.61246695e-08,97.6913254,350.99529,217.342398,180.00002
2026-03-21T07:40:30Z,SAT-3,6939.24097,2.73028532e-07,97.7173385,350.960862,217.313028,180.000005
2026-03-21T07:40:31Z,SAT-1,6939.24227,8.61247741e-08,97.6913228,350.995288,217.355454,180.000002
2026-03-21T07:40:31Z,SAT-2,6939.24227,8.6124802e-08,97.691313,350.995281,217.405028,179.999968
2026-03-21T07:40:31Z,SAT-3,6939.24097,2.73028671e-07,97.7173633,350.960881,217.375619,179.999995
2026-03-21T07:40:32Z,SAT-1,6939.24227,8.61247178e-08,97.6913104,350.995279,217.418095,179.999938
2026-03-21T07:40:32Z,SAT-2,6939.24227,8.61246116e-08,97.6913006,350.995271,217.467631,179.999942
2026-03-21T07:40:32Z,SAT-3,6939.24097,2.7302851e-07,97.7173881,350.9609,217.438209,179.999986
2026-03-21T07:40:33Z,SAT-1,6939.24227,8.61245203e-08,97.691298,350.995269,217.480636,179.999974
2026-03-21T07:40:33Z,SAT-2,6939.24227,8.61245261e-08,97.6912882,350.995261,217.530184,179.999966
2026-03-21T07:40:33Z,SAT-3,6939.24097,2.73028406e-07,97.7174129,350.960919,217.500785,179.99999
2026-03-21T07:40:34Z,SAT-1,6939.24227,8.61245447e-08,97.6912856,350.995259,217.543175,180.000012
2026-03-21T07:40:34Z,SAT-2,6939.24227,8.6124602e-08,97.6912758,350.995252,217.59272,180.000007
2026-03-21T07:40:34Z,SAT-3,6939.24097,2.7302847e-07,97.7174377,350.960938,217.56336,179.999996
2026-03-21T07:40:35Z,SAT-1,6939.24227,8.61245584e-08,97.6912732,350.99525,217.605768,179.999996
2026-03-21T07:40:35Z,SAT-2,6939.24227,8.61245945e-08,97.6912634,350.995242,217.655272,180.000032
2026-03-21T07:40:35Z,SAT-3,6939.24097,2.73028387e-07,97.7174624,350.960957,217.625939,179.999999
2026-03-21T07:40:36Z,SAT-1,6939.24227,8.61247307e-08,97.6912609,350.99524,217.668332,180.000009
2026-03-21T07:40:36Z,SAT-2,6939.24227,8.61246976e-08,97.6912511,350.995233,217.717872,180.000008
2026-03-21T07:40:36Z,SAT-3,6939.24097,2.73028597e-07,97.7174872,350.960977,217.688515,180.000003
2026-03-21T07:40:37Z,SAT-1,6939.24227,8.61247436e-08,97.6912485,350.995231,217.730934,179.999984
2026-03-21T07:40:37Z,SAT-2,6939.24227,8.61246995e-08,97.6912387,350.995223,217.78047,179.999988
2026-03-21T07:40:37Z,SAT-3,6939.24097,2.73028653e-07,97.7175119,350.960996,217.751099,179.999999
2026-03-21T07:40:38Z,SAT-1,6939.24227,8.61246803e-08,97.6912362,350.995221,217.793502,179.999993
2026-03-21T07:40:38Z,SAT-2,6939.24227,8.61247002e-08,97.6912264,350.995213,217.843009,180.000026
2026-03-21T07:40:38Z,SAT-3,6939.24097,2.73028487e-07,97.7175366,350.961015,217.813676,180.000004
2026-03-21T07:40:39Z,SAT-1,6939.24227,8.61248488e-08,97.6912238,350.995211,217.856076,179.999996
2026-03-21T07:40:39Z,SAT-2,6939.24227,8.61248605e-08,97.6912141,350.995204,217.905643,179.999969
2026-03-21T07:40:39Z,SAT-3,6939.24097,2.73028651e-07,97.7175612,350.961035,217.876265,179.999995
2026-03-21T07:40:40Z,SAT-1,6939.24227,8.61245658e-08,97.6912115,350.995202,217.91867,179.999979
2026-03-21T07:40:40Z,SAT-2,6939.24227,8.61245252e-08,97.6912017,350.995194,217.968244,179.999945
2026-03-21T07:40:40Z,SAT-3,6939.24097,2.73028476e-07,97.7175859,350.961054,217.938849,179.999992
2026-03-21T07:40:41Z,SAT-1,6939.24227,8.61245344e-08,97.6911992,350.995192,217.981213,180.000013
2026-03-21T07:40:41Z,SAT-2,6939.24227,8.6124558e-08,97.6911894,350.995184,218.030726,180.00004
2026-03-21T07:40:41Z,SAT-3,6939.24097,2.73028468e-07,97.7176105,350.961073,218.001419,180.000003
2026-03-21T07:40:42Z,SAT-1,6939.24227,8.61248505e-08,97.6911869,350.995182,218.043767,180.000036
2026-03-21T07:40:42Z,SAT-2,6939.24227,8.61248893e-08,97.6911771,350.995174,218.093311,180.000032
2026-03-21T07:40:42Z,SAT-3,6939.24097,2.73028791e-07,97.7176351,350.961093,218.063997,180.000006
2026-03-21T07:40:43Z,SAT-1,6939.24227,8.61246934e-08,97.6911746,350.995172,218.106392,179.999988
2026-03-21T07:40:43Z,SAT-2,6939.24227,8.61246307e-08,97.6911648,350.995165,218.155953,179.999966
2026-03-21T07:40:43Z,SAT-3,6939.24097,2.73028545e-07,97.7176597,350.961112,218.126591,179.999993
2026-03-21T07:40:44Z,SAT-1,6939.24227,8.61245728e-08,97.6911623,350.995163,218.168991,179.999966
2026-03-21T07:40:44Z,SAT-2,6939.24227,8.61245471e-08,97.6911526,350.995155,218.21851,179.999987
2026-03-21T07:40:44Z,SAT-3,6939.24097,2.73028404e-07,97.7176843,350.961132,218.189167,179.999998
2026-03-21T07:40:45Z,SAT-1,6939.24227,8.61246763e-08,97.69115,350.995153,218.231515,180.000019
2026-03-21T07:40:45Z,SAT-2,6939.24227,8.61246819e-08,97.6911403,350.995145,218.28105,180.000024
2026-03-21T07:40:45Z,SAT-3,6939.24097,2.7302861e-07,97.7177088,350.961151,218.251735,180.000011
2026-03-21T07:40:46Z,SAT-1,6939.24227,8.61246443e-08,97.6911377,350.995143,218.294143,179.999968
2026-03-21T07:40:46Z,SAT-2,6939.24227,8.61246827e-08,97.691128,350.995135,218.343669,179.999981
2026-03-21T07:40:46Z,SAT-3,6939.24097,2.73028547e-07,97.7177333,350.961171,218.314335,179.999992
2026-03-21T07:40:47Z,SAT-1,6939.24227,8.61246365e-08,97.6911255,350.995133,218.356683,180.000005
2026-03-21T07:40:47Z,SAT-2,6939.24227,8.61246778e-08,97.6911158,350.995126,218.406212,180.000015
2026-03-21T07:40:47Z,SAT-3,6939.24097,2.7302854e-07,97.7177578,350.96119,218.376904,180.000003
2026-03-21T07:40:48Z,SAT-1,6939.24227,8.61246088e-08,97.6911132,350.995124,218.419184,180.000081
2026-03-21T07:40:48Z,SAT-2,6939.24227,8.6124594e-08,97.6911036,350.995116,218.468768,180.000036
2026-03-21T07:40:48Z,SAT-3,6939.24097,2.73028523e-07,97.7177823,350.96121,218.439475,180.000014
2026-03-21T07:40:49Z,SAT-1,6939.24227,8.61246998e-08,97.691101,350.995114,218.481834,180.000007
2026-03-21T07:40:49Z,SAT-2,6939.24227,8.6124767e-08,97.6910913,350.995106,218.531389,179.999992
2026-03-21T07:40:49Z,SAT-3,6939.24097,2.73028569e-07,97.7178068,350.96123,218.502073,179.999996
2026-03-21T07:40:50Z,SAT-1,6939.24227,8.61247784e-08,97.6910888,350.995104,218.544445,179.999974
2026-03-21T07:40:50Z,SAT-2,6939.24227,8.61247667e-08,97.6910791,350.995096,218.593949,180.000009
2026-03-21T07:40:50Z,SAT-3,6939.24097,2.73028617e-07,97.7178312,350.961249,218.564648,180.000002
2026-03-21T07:40:51Z,SAT-1,6939.24227,8.61247019e-08,97.6910766,350.995094,218.607035,179.999961
2026-03-21T07:40:51Z,SAT-2,6939.24227,8.61245759e-08,97.6910669,350.995086,218.656568,179.999967
2026-03-21T07:40:51Z,SAT-3,6939.24097,2.73028483e-07,97.7178556,350.961269,218.627237,179.999993
2026-03-21T07:40:52Z,SAT-1,6939.24227,8.6124737e-08,97.6910644,350.995084,218.669583,179.99999
2026-03-21T07:40:52Z,SAT-2,6939.24227,8.61247351e-08,97.6910547,350.995077,218.719133,179.999979
2026-03-21T07:40:52Z,SAT-3,6939.24097,2.73028619e-07,97.71788,350.961289,218.689817,179.999995
2026-03-21T07:40:53Z,SAT-1,6939.24227,8.612458e-08,97.6910522,350.995075,218.732113,180.000036
2026-03-21T07:40:53Z,SAT-2,6939.24227,8.61246596e-08,97.6910425,350.995067,218.781667,180.000022
2026-03-21T07:40:53Z,SAT-3,6939.24097,2.73028542e-07,97.7179044,350.961308,218.752388,180.000004
2026-03-21T07:40:54Z,SAT-1,6939.24227,8.6124491e-08,97.69104,350.995065,218.794684,180.000042
2026-03-21T07:40:54Z,SAT-2,6939.24227,8.61244256e-08,97.6910304,350.995057,218.844202,180.000064
2026-03-21T07:40:54Z,SAT-3,6939.24097,2.73028333e-07,97.7179287,350.961328,218.814966,180.000008
2026-03-21T07:40:55Z,SAT-1,6939.24227,8.61247156e-08,97.6910278,350.995055,218.857277,180.000026
2026-03-21T07:40:55Z,SAT-2,6939.24227,8.6124673e-08,97.6910182,350.995047,218.906814,180.000029
2026-03-21T07:40:55Z,SAT-3,6939.24097,2.73028577e-07,97.7179531,350.961348,218.877546,180.000008
2026-03-21T07:40:56Z,SAT-1,6939.24227,8.61246778e-08,97.6910157,350.995045,218.919898,179.999982
2026-03-21T07:40:56Z,SAT-2,6939.24227,8.61247352e-08,97.6910061,350.995037,218.969453,179.999966
2026-03-21T07:40:56Z,SAT-3,6939.24097,2.73028597e-07,97.7179774,350.961368,218.940135,180.000001
2026-03-21T07:40:57Z,SAT-1,6939.24227,8.61246505e-08,97.6910035,350.995035,218.982492,179.999965
2026-03-21T07:40:57Z,SAT-2,6939.24227,8.61246212e-08,97.6909939,350.995027,219.032021,179.999975
2026-03-21T07:40:57Z,SAT-3,6939.24097,2.73028566e-07,97.7180017,350.961387,219.002722,179.999994
2026-03-21T07:40:58Z,SAT-1,6939.24227,8.61246062e-08,97.6909914,350.995025,219.045029,180.000005
2026-03-21T07:40:58Z,SAT-2,6939.24227,8.61246985e-08,97.6909818,350.995017,219.094574,180
2026-03-21T07:40:58Z,SAT-3,6939.24097,2.73028527e-07,97.7180259,350.961407,219.065306,179.999992
2026-03-21T07:40:59Z,SAT-1,6939.24227,8.61247171e-08,97.6909793,350.995015,219.107576,180.000035
2026-03-21T07:40:59Z,SAT-2,6939.24227,8.61247036e-08,97.6909697,350.995007,219.157122,180.000029
2026-03-21T07:40:59Z,SAT-3,6939.24097,2.73028507e-07,97.7180502,350.961427,219.127867,180.000011
2026-03-21T07:41:00Z,SAT-1,6939.24227,8.61246049e-08,97.6909672,350.995005,219.170178,180.00001
2026-03-21T07:41:00Z,SAT-2,6939.24227,8.61245914e-08,97.6909576,350.994997,219.219708,180.000019
2026-03-21T07:41:00Z,SAT-3,6939.24097,2.73028528e-07,97.7180744,350.961447,219.190451,180.000009
2026-03-21T07:41:01Z,SAT-1,6939.24227,8.61245824e-08,97.6909551,350.994995,219.232783,179.999982
2026-03-21T07:41:01Z,SAT-2,6939.24227,8.61246462e-08,97.6909455,350.994987,219.282325,179.999979
2026-03-21T07:41:01Z,SAT-3,6939.24097,2.73028537e-07,97.7180986,350.961467,219.253051,179.999989
2026-03-21T07:41:02Z,SAT-1,6939.24227,8.61247556e-08,97.690943,350.994985,219.29533,180.000011
2026-03-21T07:41:02Z,SAT-2,6939.24227,8.61247089e-08,97.6909334,350.994977,219.344876,180.000005
2026-03-21T07:41:02Z,SAT-3,6939.24097,2.73028568e-07,97.7181228,350.961487,219.315623,179.999999
2026-03-21T07:41:03Z,SAT-1,6939.24227,8.61247093e-08,97.6909309,350.994975,219.357962,179.999956
2026-03-21T07:41:03Z,SAT-2,6939.24227,8.61246988e-08,97.6909213,350.994967,219.407495,179.999963
2026-03-21T07:41:03Z,SAT-3,6939.24097,2.73028547e-07,97.7181469,350.961507,219.37821,179.999992
2026-03-21T07:41:04Z,SAT-1,6939.24227,8.6124592e-08,97.6909188,350.994965,219.420539,179.999957
2026-03-21T07:41:04Z,SAT-2,6939.24227,8.61245636e-08,97.6909093,350.994957,219.470087,179.999948
2026-03-21T07:41:04Z,SAT-3,6939.24097,2.73028508e-07,97.7181711,350.961527,219.440794,179.999989
2026-03-21T07:41:05Z,SAT-1,6939.24227,8.61244885e-08,97.6909067,350.994955,219.483033,180.00004
2026-03-21T07:41:05Z,SAT-2,6939.24227,8.61245628e-08,97.6908972,350.994947,219.532571,180.000041
2026-03-21T07:41:05Z,SAT-3,6939.24097,2.73028448e-07,97.7181952,350.961547,219.503356,180.000008
2026-03-21T07:41:06Z,SAT-1,6939.24227,8.61249098e-08,97.6908947,350.994945,219.545684,179.999965
2026-03-21T07:41:06Z,SAT-2,6939.24227,8.61249277e-08,97.6908852,350.994937,219.595195,179.999994
2026-03-21T07:41:06Z,SAT-3,6939.24097,2.73028715e-07,97.7182193,350.961567,219.565951,179.999994
2026-03-21T07:41:07Z,SAT-1,6939.24227,8.61246269e-08,97.6908827,350.994935,219.608239,179.999987
2026-03-21T07:41:07Z,SAT-2,6939.24227,8.61245755e-08,97.6908731,350.994927,219.657766,179.999999
2026-03-21T07:41:07Z,SAT-3,6939.24097,2.73028484e-07,97.7182433,350.961587,219.628528,179.999998
2026-03-21T07:41:08Z,SAT-1,6939.24227,8.61245697e-08,97.6908706,350.994925,219.67075,180.000053
2026-03-21T07:41:08Z,SAT-2,6939.24227,8.61245167e-08,97.6908611,350.994917,219.720305,180.000038
2026-03-21T07:41:08Z,SAT-3,6939.24097,2.73028426e-07,97.7182674,350.961607,219.691092,180.000014
2026-03-21T07:41:09Z,SAT-1,6939.24227,8.612482e-08,97.6908586,350.994915,219.733402,179.999978
2026-03-21T07:41:09Z,SAT-2,6939.24227,8.61247417e-08,97.6908491,350.994907,219.782955,179.999965
2026-03-21T07:41:09Z,SAT-3,6939.24097,2.73028711e-07,97.7182914,350.961627,219.753693,179.999995
2026-03-21T07:41:10Z,SAT-1,6939.24227,8.6124567e-08,97.6908466,350.994905,219.795976,179.999981
2026-03-21T07:41:10Z,SAT-2,6939.24227,8.61245995e-08,97.6908371,350.994897,219.845509,179.999987
2026-03-21T07:41:10Z,SAT-3,6939.24097,2.73028506e-07,97.7183154,350.961648,219.816278,179.999991
2026-03-21T07:41:11Z,SAT-1,6939.24227,8.61245622e-08,97.6908346,350.994895,219.858519,180.000015
2026-03-21T07:41:11Z,SAT-2,6939.24227,8.61246414e-08,97.6908251,350.994887,219.908057,180.000017
2026-03-21T07:41:11Z,SAT-3,6939.24097,2.73028398e-07,97.7183394,350.961668,219.878844,180.000006
2026-03-21T07:41:12Z,SAT-1,6939.24227,8.6124658e-08,97.6908226,350.994885,219.921057,180.000053
2026-03-21T07:41:12Z,SAT-2,6939.24227,8.61247077e-08,97.6908131,350.994877,219.970626,180.000024
2026-03-21T07:41:12Z,SAT-3,6939.24097,2.73028566e-07,97.7183634,350.961688,219.941419,180.000012
2026-03-21T07:41:13Z,SAT-1,6939.24227,8.61246602e-08,97.6908107,350.994875,219.983699,179.999989
2026-03-21T07:41:13Z,SAT-2,6939.24227,8.61246988e-08,97.6908012,350.994867,220.033238,179.999989
2026-03-21T07:41:13Z,SAT-3,6939.24097,2.73028649e-07,97.7183873,350.961708,220.004016,179.999996
2026-03-21T07:41:14Z,SAT-1,6939.24227,8.61246505e-08,97.6907987,350.994864,220.046355,179.99991
2026-03-21T07:41:14Z,SAT-2,6939.24227,8.61245759e-08,97.6907892,350.994856,220.095888,179.999916
2026-03-21T07:41:14Z,SAT-3,6939.24097,2.73028456e-07,97.7184112,350.961729,220.066615,179.999977
2026-03-21T07:41:15Z,SAT-1,6939.24227,8.61247015e-08,97.6907867,350.994854,220.108835,180.000006
2026-03-21T07:41:15Z,SAT-2,6939.24227,8.61246653e-08,97.6907773,350.994846,220.158367,180.000014
2026-03-21T07:41:15Z,SAT-3,6939.24097,2.7302848e-07,97.7184351,350.961749,220.12917,180.000004
2026-03-21T07:41:16Z,SAT-1,6939.24227,8.61246818e-08,97.6907748,350.994844,220.17135,180.000069
2026-03-21T07:41:16Z,SAT-2,6939.24227,8.61247298e-08,97.6907654,350.994836,220.220903,180.000055
2026-03-21T07:41:16Z,SAT-3,6939.24097,2.73028675e-07,97.718459,350.961769,220.191736,180.000019
2026-03-21T07:41:17Z,SAT-1,6939.24227,8.61245458e-08,97.6907629,350.994834,220.233965,180.00003
2026-03-21T07:41:17Z,SAT-2,6939.24227,8.61245519e-08,97.6907534,350.994826,220.283517,180.000018
2026-03-21T07:41:17Z,SAT-3,6939.24097,2.73028472e-07,97.7184829,350.96179,220.254333,180.000003
2026-03-21T07:41:18Z,SAT-1,6939.24227,8.61246959e-08,97.690751,350.994824,220.296581,179.999991
2026-03-21T07:41:18Z,SAT-2,6939.24227,8.61246932e-08,97.6907415,350.994816,220.346113,179.999999
2026-03-21T07:41:18Z,SAT-3,6939.24097,2.73028531e-07,97.7185067,350.96181,220.316922,179.999994
2026-03-21T07:41:19Z,SAT-1,6939.24227,8.61246998e-08,97.690739,350.994814,220.359187,179.999962
2026-03-21T07:41:19Z,SAT-2,6939.24227,8.61246155e-08,97.6907296,350.994806,220.408704,179.999984
2026-03-21T07:41:19Z,SAT-3,6939.24097,2.73028587e-07,97.7185305,350.96183,220.379502,179.999996
2026-03-21T07:41:20Z,SAT-1,6939.24227,8.61245331e-08,97.6907271,350.994803,220.421764,179.999962
2026-03-21T07:41:20Z,SAT-2,6939.24227,8.6124456e-08,97.6907177,350.994795,220.471284,179.999981
2026-03-21T07:41:20Z,SAT-3,6939.24097,2.73028423e-07,97.7185543,350.961851,220.442083,179.999996
2026-03-21T07:41:21Z,SAT-1,6939.24227,8.61247509e-08,97.6907153,350.994793,220.484299,180.000004
2026-03-21T07:41:21Z,SAT-2,6939.24227,8.61247562e-08,97.6907059,350.994785,220.533842,180
2026-03-21T07:41:21Z,SAT-3,6939.24097,2.7302859e-07,97.718578,350.961871,220.504663,179.999996
2026-03-21T07:41:22Z,SAT-1,6939.24227,8.61248246e-08,97.6907034,350.994783,220.546838,180.000041
2026-03-21T07:41:22Z,SAT-2,6939.24227,8.61248139e-08,97.690694,350.994775,220.596375,180.000044
2026-03-21T07:41:22Z,SAT-3,6939.24097,2.73028656e-07,97.7186018,350.961892,220.567231,180.000009
2026-03-21T07:41:23Z,SAT-1,6939.24227,8.61246195e-08,97.6906915,350.994773,220.609483,179.999974
2026-03-21T07:41:23Z,SAT-2,6939.24227,8.61246448e-08,97.6906821,350.994765,220.659047,179.999949
2026-03-21T07:41:23Z,SAT-3,6939.24097,2.73028561e-07,97.7186255,350.961912,220.629829,179.999992
2026-03-21T07:41:24Z,SAT-1,6939.24227,8.61246416e-08,97.6906797,350.994762,220.672051,179.999983
2026-03-21T07:41:24Z,SAT-2,6939.24227,8.61246701e-08,97.6906703,350.994754,220.7216,179.999973
2026-03-21T07:41:24Z,SAT-3,6939.24097,2.73028539e-07,97.7186492,350.961933,220.692409,179.999993
2026-03-21T07:41:25Z,SAT-1,6939.24227,8.61246225e-08,97.6906678,350.994752,220.73461,180
2026-03-21T07:41:25Z,SAT-2,6939.24227,8.61246914e-08,97.6906585,350.994744,220.78414,180.00001
2026-03-21T07:41:25Z,SAT-3,6939.24097,2.73028499e-07,97.7186729,350.961953,220.754977,180.000007
2026-03-21T07:41:26Z,SAT-1,6939.24227,8.61247942e-08,97.690656,350.994742,220.797193,179.999994
2026-03-21T07:41:26Z,SAT-2,6939.24227,8.6124835e-08,97.6906466,350.994734,220.846734,179.999993
2026-03-21T07:41:26Z,SAT-3,6939.24097,2.73028657e-07,97.7186965,350.961974,220.817562,180.000003
2026-03-21T07:41:27Z,SAT-1,6939.24227,8.61247769e-08,97.6906442,350.994732,220.85971,180.000054
2026-03-21T07:41:27Z,SAT-2,6939.24227,8.61247204e-08,97.6906348,350.994723,220.909246,180.000058
2026-03-21T07:41:27Z,SAT-3,6939.24097,2.73028626e-07,97.7187202,350.961995,220.880137,180.000008
2026-03-21T07:41:28Z,SAT-1,6939.24227,8.61244628e-08,97.6906324,350.994721,220.922331,180.00001
2026-03-21T07:41:28Z,SAT-2,6939.24227,8.61244816e-08,97.690623,350.994713,220.97189,179.999991
2026-03-21T07:41:28Z,SAT-3,6939.24097,2.73028396e-07,97.7187438,350.962015,220.942731,179.999996
2026-03-21T07:41:29Z,SAT-1,6939.24227,8.61246431e-08,97.6906206,350.994711,220.984924,179.999994
2026-03-21T07:41:29Z,SAT-2,6939.24227,8.61246531e-08,97.6906112,350.994703,221.034459,179.999998
2026-03-21T07:41:29Z,SAT-3,6939.24097,2.73028577e-07,97.7187674,350.962036,221.005305,180.000003
2026-03-21T07:41:30Z,SAT-1,6939.24227,8.6124658e-08,97.6906088,350.994701,221.047537,179.999958
2026-03-21T07:41:30Z,SAT-2,6939.24227,8.61246436e-08,97.6905995,350.994692,221.097042,179.999992
2026-03-21T07:41:30Z,SAT-3,6939.24097,2.73028493e-07,97.7187909,350.962057,221.067892,179.999997
2026-03-21T07:41:31Z,SAT-1,6939.24227,8.61246213e-08,97.690597,350.99469,221.11011,179.999962
2026-03-21T07:41:31Z,SAT-2,6939.24227,8.61246269e-08,97.6905877,350.994682,221.159675,179.999936
2026-03-21T07:41:31Z,SAT-3,6939.24097,2.73028507e-07,97.7188145,350.962077,221.130486,179.999984
2026-03-21T07:41:32Z,SAT-1,6939.24227,8.61247078e-08,97.6905853,350.99468,221.172599,180.00005
2026-03-21T07:41:32Z,SAT-2,6939.24227,8.61247128e-08,97.6905759,350.994672,221.222128,180.00006
2026-03-21T07:41:32Z,SAT-3,6939.24097,2.73028634e-07,97.718838,350.962098,221.193038,180.000013
2026-03-21T07:41:33Z,SAT-1,6939.24227,8.61246736e-08,97.6905735,350.994669,221.235201,180.000025
2026-03-21T07:41:33Z,SAT-2,6939.24227,8.6124626e-08,97.6905642,350.994661,221.284736,180.000028
2026-03-21T07:41:33Z,SAT-3,6939.24097,2.73028533e-07,97.7188615,350.962119,221.255623,180.000008
2026-03-21T07:41:34Z,SAT-1,6939.24227,8.61245576e-08,97.6905618,350.994659,221.297842,179.999961
2026-03-21T07:41:34Z,SAT-2,6939.24227,8.61245766e-08,97.6905525,350.994651,221.34738,179.999962
2026-03-21T07:41:34Z,SAT-3,6939.24097,2.73028409e-07,97.718885,350.96214,221.31822,179.999992
2026-03-21T07:41:35Z,SAT-1,6939.24227,8.61247337e-08,97.69055,350.994649,221.360374,180.000005
2026-03-21T07:41:35Z,SAT-2,6939.24227,8.61247518e-08,97.6905408,350.99464,221.40992,179.999999
2026-03-21T07:41:35Z,SAT-3,6939.24097,2.73028539e-07,97.7189084,350.96216,221.380793,180.000001
2026-03-21T07:41:36Z,SAT-1,6939.24227,8.61247202e-08,97.6905383,350.994638,221.422924,180.000032
2026-03-21T07:41:36Z,SAT-2,6939.24227,8.61247496e-08,97.690529,350.99463,221.472483,180.000013
2026-03-21T07:41:36Z,SAT-3,6939.24097,2.73028618e-07,97.7189318,350.962181,221.443368,180.000007
2026-03-21T07:41:37Z,SAT-1,6939.24227,8.61246347e-08,97.6905266,350.994628,221.485521,180.000012
2026-03-21T07:41:37Z,SAT-2,6939.24227,8.61246851e-08,97.6905173,350.994619,221.535055,180.000017
2026-03-21T07:41:37Z,SAT-3,6939.24097,2.73028584e-07,97.7189552,350.962202,221.505956,179.999999
2026-03-21T07:41:38Z,SAT-1,6939.24227,8.6124666e-08,97.6905149,350.994617,221.54815,179.99996
2026-03-21T07:41:38Z,SAT-2,6939.24227,8.61245517e-08,97.6905057,350.994609,221.597692,179.999957
2026-03-21T07:41:38Z,SAT-3,6939.24097,2.73028537e-07,97.7189786,350.962223,221.568546,179.999991
2026-03-21T07:41:39Z,SAT-1,6939.24227,8.61245573e-08,97.6905032,350.994607,221.610679,180.000007
2026-03-21T07:41:39Z,SAT-2,6939.24227,8.61245281e-08,97.690494,350.994599,221.660208,180.000018
2026-03-21T07:41:39Z,SAT-3,6939.24097,2.73028471e-07,97.719002,350.962244,221.63111,180.000008
2026-03-21T07:41:40Z,SAT-1,6939.24434,0.000546098319,97.6904974,350.994602,311.664228,89.9464578
2026-03-21T07:41:40Z,SAT-2,6939.24434,0.000546098319,97.6904882,350.994593,311.713768,89.9464578
2026-03-21T07:41:40Z,SAT-3,6939.24304,0.000546098227,97.7190137,350.962254,311.665052,89.9660675
